Tournament,Country,No.,Pos.,Player,Date of Birth,Caps,Goals,Club
Russia 2018,Egypt,1,GK,Essam El Hadary (captain),1973-01-15,158,0,Al Taawoun
Russia 2018,Egypt,2,DF,Ali Gabr,1989-01-01,21,1,West Bromwich Albion
Russia 2018,Egypt,3,DF,Ahmed Elmohamady,1987-09-09,78,2,Aston Villa
Russia 2018,Egypt,4,MF,Omar Gaber,1992-01-30,24,0,Los Angeles FC
Russia 2018,Egypt,5,MF,Sam Morsy,1991-09-10,5,0,Wigan Athletic
Russia 2018,Egypt,6,DF,Ahmed Hegazi,1991-01-25,45,1,West Bromwich Albion
Russia 2018,Egypt,7,DF,Ahmed Fathy,1984-11-10,126,3,Al Ahly
Russia 2018,Egypt,8,MF,Tarek Hamed,1988-10-24,21,0,Zamalek
Russia 2018,Egypt,9,FW,Marwan Mohsen,1989-02-26,24,4,Al Ahly
Russia 2018,Egypt,10,FW,Mohamed Salah,1992-06-15,57,33,Liverpool
Russia 2018,Egypt,11,FW,Kahraba,1994-04-13,19,3,Al-Ittihad
Russia 2018,Egypt,12,DF,Ayman Ashraf,1991-04-09,4,0,Al Ahly
Russia 2018,Egypt,13,DF,Mohamed Abdel Shafy,1985-07-01,51,1,Al Fateh
Russia 2018,Egypt,14,FW,Ramadan Sobhi,1997-01-23,23,1,Stoke City
Russia 2018,Egypt,15,DF,Mahmoud Hamdy,1995-06-01,0,0,Zamalek
Russia 2018,Egypt,16,GK,Sherif Ekramy,1983-07-10,22,0,Al Ahly
Russia 2018,Egypt,17,MF,Mohamed Elneny,1992-07-11,61,5,Arsenal
Russia 2018,Egypt,18,FW,Shikabala,1986-03-05,29,2,Al Raed
Russia 2018,Egypt,19,MF,Abdallah El Said,1985-07-13,36,6,KuPS
Russia 2018,Egypt,20,DF,Saad Samir,1989-04-01,11,0,Al Ahly
Russia 2018,Egypt,21,MF,Trézéguet,1994-10-01,24,2,Kasımpaşa
Russia 2018,Egypt,22,FW,Amr Warda,1993-09-17,16,0,Atromitos
Russia 2018,Egypt,23,GK,Mohamed El Shenawy,1988-12-18,3,0,Al Ahly
Russia 2018,Russia,1,GK,Igor Akinfeev (captain),1986-04-08,106,0,CSKA Moscow
Russia 2018,Russia,2,DF,Mário Fernandes,1990-09-19,5,0,CSKA Moscow
Russia 2018,Russia,3,DF,Ilya Kutepov,1993-07-29,7,0,Spartak Moscow
Russia 2018,Russia,4,DF,Sergei Ignashevich,1979-07-14,122,8,CSKA Moscow
Russia 2018,Russia,5,DF,Andrei Semyonov,1989-03-24,6,0,Akhmat Grozny
Russia 2018,Russia,6,MF,Denis Cheryshev,1990-12-26,11,0,Villarreal
Russia 2018,Russia,7,MF,Daler Kuzyayev,1993-01-15,6,0,Zenit Saint Petersburg
Russia 2018,Russia,8,MF,Yury Gazinsky,1989-07-20,6,0,Krasnodar
Russia 2018,Russia,9,MF,Alan Dzagoev,1990-06-17,57,9,CSKA Moscow
Russia 2018,Russia,10,FW,Fyodor Smolov,1990-02-09,32,12,Krasnodar
Russia 2018,Russia,11,MF,Roman Zobnin,1994-02-11,12,0,Spartak Moscow
Russia 2018,Russia,12,GK,Andrey Lunyov,1991-11-13,3,0,Zenit Saint Petersburg
Russia 2018,Russia,13,DF,Fyodor Kudryashov,1987-04-05,19,0,Rubin Kazan
Russia 2018,Russia,14,DF,Vladimir Granat,1987-05-22,12,1,Rubin Kazan
Russia 2018,Russia,15,MF,Aleksei Miranchuk,1995-10-17,18,4,Lokomotiv Moscow
Russia 2018,Russia,16,MF,Anton Miranchuk,1995-10-17,6,0,Lokomotiv Moscow
Russia 2018,Russia,17,MF,Aleksandr Golovin,1996-05-30,19,2,CSKA Moscow
Russia 2018,Russia,18,MF,Yuri Zhirkov,1983-08-20,84,2,Zenit Saint Petersburg
Russia 2018,Russia,19,MF,Aleksandr Samedov,1984-07-19,48,7,Spartak Moscow
Russia 2018,Russia,20,GK,Vladimir Gabulov,1983-10-19,10,0,Club Brugge
Russia 2018,Russia,21,MF,Aleksandr Yerokhin,1989-10-13,17,0,Zenit Saint Petersburg
Russia 2018,Russia,22,FW,Artem Dzyuba,1988-08-22,23,11,Arsenal Tula
Russia 2018,Russia,23,DF,Igor Smolnikov,1988-08-08,27,0,Zenit Saint Petersburg
Russia 2018,Saudi Arabia,1,GK,Abdullah Al-Mayouf (captain),1987-01-23,11,0,Al Hilal
Russia 2018,Saudi Arabia,2,DF,Mansoor Al-Harbi,1987-10-19,40,1,Al Ahli
Russia 2018,Saudi Arabia,3,DF,Osama Hawsawi,1984-03-31,135,7,Al Hilal
Russia 2018,Saudi Arabia,4,DF,Ali Al-Bulaihi,1989-11-21,4,0,Al Hilal
Russia 2018,Saudi Arabia,5,DF,Omar Hawsawi,1985-09-27,42,3,Al Nassr
Russia 2018,Saudi Arabia,6,DF,Mohammed Al-Breik,1992-09-15,11,1,Al Hilal
Russia 2018,Saudi Arabia,7,MF,Salman Al-Faraj,1989-08-01,43,3,Al Hilal
Russia 2018,Saudi Arabia,8,MF,Yahya Al-Shehri,1990-06-26,57,8,Leganés
Russia 2018,Saudi Arabia,9,MF,Hattan Bahebri,1992-07-16,5,0,Al Shabab
Russia 2018,Saudi Arabia,10,FW,Mohammad Al-Sahlawi,1987-01-10,40,28,Al Nassr
Russia 2018,Saudi Arabia,11,MF,Abdulmalek Al-Khaibri,1986-03-13,36,0,Al Hilal
Russia 2018,Saudi Arabia,12,MF,Mohamed Kanno,1994-09-22,6,1,Al Hilal
Russia 2018,Saudi Arabia,13,DF,Yasser Al-Shahrani,1992-05-25,37,0,Al Hilal
Russia 2018,Saudi Arabia,14,MF,Abdullah Otayf,1992-08-03,16,1,Al Hilal
Russia 2018,Saudi Arabia,15,MF,Abdullah Al-Khaibari,1996-08-16,5,0,Al Shabab
Russia 2018,Saudi Arabia,16,MF,Housain Al-Mogahwi,1988-03-24,18,1,Al Ahli
Russia 2018,Saudi Arabia,17,MF,Taisir Al-Jassim,1984-07-25,132,19,Al Ahli
Russia 2018,Saudi Arabia,18,MF,Salem Al-Dawsari,1991-08-19,33,4,Villarreal
Russia 2018,Saudi Arabia,19,FW,Fahad Al-Muwallad,1994-09-14,45,10,Levante
Russia 2018,Saudi Arabia,20,FW,Muhannad Assiri,1986-10-14,18,4,Al Ahli
Russia 2018,Saudi Arabia,21,GK,Yasser Al-Mosailem,1984-02-27,32,0,Al Ahli
Russia 2018,Saudi Arabia,22,GK,Mohammed Al-Owais,1991-10-10,6,0,Al Ahli
Russia 2018,Saudi Arabia,23,DF,Motaz Hawsawi,1992-02-17,17,0,Al Ahli
Russia 2018,Uruguay,1,GK,Fernando Muslera,1986-06-16,97,0,Galatasaray
Russia 2018,Uruguay,2,DF,José Giménez,1995-01-20,42,5,Atlético Madrid
Russia 2018,Uruguay,3,DF,Diego Godín (captain),1986-02-16,116,8,Atlético Madrid
Russia 2018,Uruguay,4,DF,Guillermo Varela,1993-03-24,3,0,Peñarol
Russia 2018,Uruguay,5,MF,Carlos Sánchez,1984-12-02,36,1,Monterrey
Russia 2018,Uruguay,6,MF,Rodrigo Bentancur,1997-06-25,7,0,Juventus
Russia 2018,Uruguay,7,MF,Cristian Rodríguez,1985-09-30,105,11,Peñarol
Russia 2018,Uruguay,8,MF,Nahitan Nández,1995-12-28,12,0,Boca Juniors
Russia 2018,Uruguay,9,FW,Luis Suárez,1987-01-24,98,51,Barcelona
Russia 2018,Uruguay,10,FW,Giorgian De Arrascaeta,1994-06-01,14,2,Cruzeiro
Russia 2018,Uruguay,11,FW,Cristhian Stuani,1986-10-12,41,5,Girona
Russia 2018,Uruguay,12,GK,Martín Campaña,1989-05-29,1,0,Independiente
Russia 2018,Uruguay,13,DF,Gastón Silva,1994-03-05,17,0,Independiente
Russia 2018,Uruguay,14,MF,Lucas Torreira,1996-02-11,3,0,Sampdoria
Russia 2018,Uruguay,15,MF,Matías Vecino,1991-08-24,22,1,Inter Milan
Russia 2018,Uruguay,16,DF,Maxi Pereira,1984-06-08,125,3,Porto
Russia 2018,Uruguay,17,MF,Diego Laxalt,1993-02-07,6,0,Genoa
Russia 2018,Uruguay,18,FW,Maxi Gómez,1996-08-14,5,0,Celta Vigo
Russia 2018,Uruguay,19,DF,Sebastián Coates,1990-10-07,30,1,Sporting CP
Russia 2018,Uruguay,20,FW,Jonathan Urretaviscaya,1990-03-19,4,0,Monterrey
Russia 2018,Uruguay,21,FW,Edinson Cavani,1987-02-14,101,42,Paris Saint-Germain
Russia 2018,Uruguay,22,DF,Martín Cáceres,1987-04-07,76,4,Lazio
Russia 2018,Uruguay,23,GK,Martín Silva,1983-03-25,11,0,Vasco da Gama
Russia 2018,Iran,1,GK,Alireza Beiranvand,1992-09-21,22,0,Persepolis
Russia 2018,Iran,2,MF,Mehdi Torabi,1994-09-10,17,4,Saipa
Russia 2018,Iran,3,DF,Ehsan Hajsafi,1990-02-25,94,6,Olympiacos
Russia 2018,Iran,4,DF,Rouzbeh Cheshmi,1993-07-24,10,1,Esteghlal
Russia 2018,Iran,5,DF,Milad Mohammadi,1993-09-29,19,0,Akhmat Grozny
Russia 2018,Iran,6,MF,Saeid Ezatolahi,1996-10-01,25,1,Amkar Perm
Russia 2018,Iran,7,MF,Masoud Shojaei (captain),1984-06-09,74,8,AEK Athens
Russia 2018,Iran,8,DF,Morteza Pouraliganji,1992-04-19,27,2,Al Sadd
Russia 2018,Iran,9,MF,Omid Ebrahimi,1987-09-16,30,0,Esteghlal
Russia 2018,Iran,10,FW,Karim Ansarifard,1990-04-03,64,17,Olympiacos
Russia 2018,Iran,11,MF,Vahid Amiri,1988-04-02,36,1,Persepolis
Russia 2018,Iran,12,GK,Mohammad Rashid Mazaheri,1989-05-18,3,0,Zob Ahan
Russia 2018,Iran,13,DF,Mohammad Reza Khanzadeh,1991-05-11,11,1,Padideh
Russia 2018,Iran,14,FW,Saman Ghoddos,1993-09-06,8,1,Östersund
Russia 2018,Iran,15,DF,Pejman Montazeri,1983-09-06,46,1,Esteghlal
Russia 2018,Iran,16,FW,Reza Ghoochannejhad,1987-09-20,43,17,Heerenveen
Russia 2018,Iran,17,FW,Mehdi Taremi,1992-07-18,26,11,Al-Gharafa
Russia 2018,Iran,18,FW,Alireza Jahanbakhsh,1993-08-11,38,4,AZ
Russia 2018,Iran,19,DF,Majid Hosseini,1996-06-20,1,0,Esteghlal
Russia 2018,Iran,20,FW,Sardar Azmoun,1995-01-01,33,23,Rubin Kazan
Russia 2018,Iran,21,MF,Ashkan Dejagah,1986-07-05,46,9,Nottingham Forest
Russia 2018,Iran,22,GK,Amir Abedzadeh,1993-04-26,1,0,Marítimo
Russia 2018,Iran,23,DF,Ramin Rezaeian,1990-03-21,28,2,Oostende
Russia 2018,Morocco,1,GK,Yassine Bounou,1991-04-05,11,0,Girona
Russia 2018,Morocco,2,DF,Achraf Hakimi,1998-11-04,10,1,Real Madrid
Russia 2018,Morocco,3,DF,Hamza Mendyl,1997-10-21,13,0,Lille
Russia 2018,Morocco,4,DF,Manuel da Costa,1986-05-06,28,1,İstanbul Başakşehir
Russia 2018,Morocco,5,DF,Medhi Benatia (captain),1987-04-17,57,2,Juventus
Russia 2018,Morocco,6,DF,Romain Saïss,1990-03-26,24,1,Wolverhampton Wanderers
Russia 2018,Morocco,7,MF,Hakim Ziyech,1993-03-19,18,9,Ajax
Russia 2018,Morocco,8,MF,Karim El Ahmadi,1985-01-27,51,1,Feyenoord
Russia 2018,Morocco,9,FW,Ayoub El Kaabi,1993-06-25,10,11,RS Berkane
Russia 2018,Morocco,10,MF,Younès Belhanda,1990-02-25,47,5,Galatasaray
Russia 2018,Morocco,11,MF,Fayçal Fajr,1988-08-01,23,2,Getafe
Russia 2018,Morocco,12,GK,Munir Mohamedi,1989-05-10,27,0,Numancia
Russia 2018,Morocco,13,FW,Khalid Boutaïb,1987-04-24,18,7,Yeni Malatyaspor
Russia 2018,Morocco,14,MF,Mbark Boussoufa,1984-08-15,59,7,Al Jazira
Russia 2018,Morocco,15,MF,Youssef Aït Bennasser,1996-07-07,14,0,Caen
Russia 2018,Morocco,16,MF,Nordin Amrabat,1987-03-31,44,4,Leganés
Russia 2018,Morocco,17,DF,Nabil Dirar,1986-02-25,34,3,Fenerbahçe
Russia 2018,Morocco,18,MF,Amine Harit,1997-06-18,6,0,Schalke 04
Russia 2018,Morocco,19,FW,Youssef En-Nesyri,1997-06-01,16,2,Málaga
Russia 2018,Morocco,20,FW,Aziz Bouhaddouz,1987-03-30,15,3,FC St. Pauli
Russia 2018,Morocco,21,MF,Sofyan Amrabat,1996-08-21,6,0,Feyenoord
Russia 2018,Morocco,22,GK,Ahmed Reda Tagnaouti,1996-04-05,2,0,IR Tanger
Russia 2018,Morocco,23,MF,Mehdi Carcela,1989-07-01,20,1,Standard Liège
Russia 2018,Portugal,1,GK,Rui Patrício,1988-02-15,69,0,Sporting CP
Russia 2018,Portugal,2,DF,Bruno Alves,1981-11-27,96,11,Rangers
Russia 2018,Portugal,3,DF,Pepe,1983-02-26,95,5,Beşiktaş
Russia 2018,Portugal,4,MF,Manuel Fernandes,1986-02-05,14,3,Lokomotiv Moscow
Russia 2018,Portugal,5,DF,Raphaël Guerreiro,1993-12-22,24,2,Borussia Dortmund
Russia 2018,Portugal,6,DF,José Fonte,1983-12-22,31,0,Dalian Yifang
Russia 2018,Portugal,7,FW,Cristiano Ronaldo (captain),1985-02-05,150,81,Real Madrid
Russia 2018,Portugal,8,MF,João Moutinho,1986-09-08,110,7,Monaco
Russia 2018,Portugal,9,FW,André Silva,1995-11-06,23,12,Milan
Russia 2018,Portugal,10,MF,João Mário,1993-01-19,36,2,West Ham United
Russia 2018,Portugal,11,MF,Bernardo Silva,1994-08-10,25,2,Manchester City
Russia 2018,Portugal,12,GK,Anthony Lopes,1990-10-01,7,0,Lyon
Russia 2018,Portugal,13,DF,Rúben Dias,1997-05-14,1,0,Benfica
Russia 2018,Portugal,14,MF,William Carvalho,1992-04-07,43,2,Sporting CP
Russia 2018,Portugal,15,DF,Ricardo Pereira,1993-10-06,4,0,Porto
Russia 2018,Portugal,16,MF,Bruno Fernandes,1994-09-08,6,1,Sporting CP
Russia 2018,Portugal,17,FW,Gonçalo Guedes,1996-11-29,10,3,Valencia
Russia 2018,Portugal,18,FW,Gelson Martins,1995-05-11,18,0,Sporting CP
Russia 2018,Portugal,19,DF,Mário Rui,1991-05-27,4,0,Napoli
Russia 2018,Portugal,20,FW,Ricardo Quaresma,1983-09-26,77,9,Beşiktaş
Russia 2018,Portugal,21,DF,Cédric,1991-08-31,29,1,Southampton
Russia 2018,Portugal,22,GK,Beto,1982-05-01,14,0,Göztepe
Russia 2018,Portugal,23,MF,Adrien Silva,1989-03-15,23,1,Leicester City
Russia 2018,Spain,1,GK,David de Gea,1990-11-07,29,0,Manchester United
Russia 2018,Spain,2,DF,Dani Carvajal,1992-01-11,15,0,Real Madrid
Russia 2018,Spain,3,DF,Gerard Piqué,1987-02-02,98,5,Barcelona
Russia 2018,Spain,4,DF,Nacho,1990-01-18,17,0,Real Madrid
Russia 2018,Spain,5,MF,Sergio Busquets,1988-07-16,103,2,Barcelona
Russia 2018,Spain,6,MF,Andrés Iniesta,1984-05-11,127,14,Barcelona
Russia 2018,Spain,7,MF,Saúl,1994-11-21,10,0,Atlético Madrid
Russia 2018,Spain,8,MF,Koke,1992-01-08,40,0,Atlético Madrid
Russia 2018,Spain,9,FW,Rodrigo,1991-03-06,6,2,Valencia
Russia 2018,Spain,10,MF,Thiago,1991-04-11,29,2,Bayern Munich
Russia 2018,Spain,11,FW,Lucas Vázquez,1991-07-01,7,0,Real Madrid
Russia 2018,Spain,12,DF,Álvaro Odriozola,1995-12-14,4,1,Real Sociedad
Russia 2018,Spain,13,GK,Kepa Arrizabalaga,1994-10-03,1,0,Athletic Bilbao
Russia 2018,Spain,14,DF,César Azpilicueta,1989-08-28,22,0,Chelsea
Russia 2018,Spain,15,DF,Sergio Ramos (captain),1986-03-30,152,13,Real Madrid
Russia 2018,Spain,16,DF,Nacho Monreal,1986-02-26,22,1,Arsenal
Russia 2018,Spain,17,FW,Iago Aspas,1987-08-01,10,5,Celta Vigo
Russia 2018,Spain,18,DF,Jordi Alba,1989-03-21,62,8,Barcelona
Russia 2018,Spain,19,FW,Diego Costa,1988-10-07,20,7,Atlético Madrid
Russia 2018,Spain,20,MF,Marco Asensio,1996-01-21,12,0,Real Madrid
Russia 2018,Spain,21,FW,David Silva,1986-01-08,121,35,Manchester City
Russia 2018,Spain,22,MF,Isco,1992-04-21,28,10,Real Madrid
Russia 2018,Spain,23,GK,Pepe Reina,1982-08-31,36,0,Napoli
Russia 2018,Australia,1,GK,Mathew Ryan,1992-04-08,44,0,Brighton & Hove Albion
Russia 2018,Australia,2,DF,Miloš Degenek,1994-04-28,18,0,Yokohama F. Marinos
Russia 2018,Australia,3,DF,James Meredith,1988-04-05,2,0,Millwall
Russia 2018,Australia,4,FW,Tim Cahill,1979-12-06,106,50,Millwall
Russia 2018,Australia,5,DF,Mark Milligan,1985-08-04,71,6,Al Ahli
Russia 2018,Australia,6,DF,Matthew Jurman,1989-12-08,4,0,Suwon Samsung Bluewings
Russia 2018,Australia,7,FW,Mathew Leckie,1991-02-04,53,8,Hertha BSC
Russia 2018,Australia,8,MF,Massimo Luongo,1992-09-25,36,5,Queens Park Rangers
Russia 2018,Australia,9,FW,Tomi Juric,1991-07-22,35,8,Luzern
Russia 2018,Australia,10,FW,Robbie Kruse,1988-10-05,64,5,VfL Bochum
Russia 2018,Australia,11,FW,Andrew Nabbout,1992-12-17,4,1,Urawa Red Diamonds
Russia 2018,Australia,12,GK,Brad Jones,1982-03-19,6,0,Feyenoord
Russia 2018,Australia,13,MF,Aaron Mooy,1990-09-15,34,5,Huddersfield Town
Russia 2018,Australia,14,FW,Jamie Maclaren,1993-07-29,6,0,Hibernian
Russia 2018,Australia,15,MF,Mile Jedinak (captain),1984-08-03,76,18,Aston Villa
Russia 2018,Australia,16,DF,Aziz Behich,1990-12-16,23,2,Bursaspor
Russia 2018,Australia,17,FW,Daniel Arzani,1999-01-04,2,1,Melbourne City
Russia 2018,Australia,18,GK,Danny Vukovic,1985-03-27,1,0,Genk
Russia 2018,Australia,19,DF,Josh Risdon,1992-07-27,8,0,Western Sydney Wanderers
Russia 2018,Australia,20,DF,Trent Sainsbury,1992-01-05,35,3,Grasshopper
Russia 2018,Australia,21,FW,Dimitri Petratos,1992-11-10,2,0,Newcastle Jets
Russia 2018,Australia,22,MF,Jackson Irvine,1993-03-07,19,2,Hull City
Russia 2018,Australia,23,MF,Tom Rogic,1992-12-16,37,7,Celtic
Russia 2018,Denmark,1,GK,Kasper Schmeichel,1986-11-05,35,0,Leicester City
Russia 2018,Denmark,2,MF,Michael Krohn-Dehli,1983-06-06,59,6,Deportivo La Coruña
Russia 2018,Denmark,3,DF,Jannik Vestergaard,1992-08-03,16,1,Borussia Mönchengladbach
Russia 2018,Denmark,4,DF,Simon Kjær (captain),1989-03-26,78,3,Sevilla
Russia 2018,Denmark,5,DF,Jonas Knudsen,1992-09-16,3,0,Ipswich Town
Russia 2018,Denmark,6,DF,Andreas Christensen,1996-04-10,16,1,Chelsea
Russia 2018,Denmark,7,MF,William Kvist,1985-02-24,80,2,Copenhagen
Russia 2018,Denmark,8,MF,Thomas Delaney,1991-09-03,27,4,Werder Bremen
Russia 2018,Denmark,9,FW,Nicolai Jørgensen,1991-01-15,31,8,Feyenoord
Russia 2018,Denmark,10,MF,Christian Eriksen,1992-02-14,78,22,Tottenham Hotspur
Russia 2018,Denmark,11,FW,Martin Braithwaite,1991-06-05,20,1,Bordeaux
Russia 2018,Denmark,12,FW,Kasper Dolberg,1997-10-06,6,1,Ajax
Russia 2018,Denmark,13,DF,Mathias Jørgensen,1990-04-23,12,0,Huddersfield Town
Russia 2018,Denmark,14,DF,Henrik Dalsgaard,1989-07-27,11,0,Brentford
Russia 2018,Denmark,15,FW,Viktor Fischer,1994-06-09,19,3,Copenhagen
Russia 2018,Denmark,16,GK,Jonas Lössl,1989-02-01,1,0,Huddersfield Town
Russia 2018,Denmark,17,DF,Jens Stryger Larsen,1991-02-21,13,1,Udinese
Russia 2018,Denmark,18,MF,Lukas Lerager,1993-07-12,4,0,Bordeaux
Russia 2018,Denmark,19,MF,Lasse Schöne,1986-05-27,36,3,Ajax
Russia 2018,Denmark,20,FW,Yussuf Poulsen,1994-06-15,28,4,RB Leipzig
Russia 2018,Denmark,21,FW,Andreas Cornelius,1993-03-16,18,4,Atalanta
Russia 2018,Denmark,22,GK,Frederik Rønnow,1992-08-04,6,0,Brøndby
Russia 2018,Denmark,23,FW,Pione Sisto,1995-02-04,14,1,Celta Vigo
Russia 2018,France,1,GK,Hugo Lloris (captain),1986-12-26,98,0,Tottenham Hotspur
Russia 2018,France,2,DF,Benjamin Pavard,1996-03-28,6,0,VfB Stuttgart
Russia 2018,France,3,DF,Presnel Kimpembe,1995-08-13,2,0,Paris Saint-Germain
Russia 2018,France,4,DF,Raphaël Varane,1993-04-25,42,2,Real Madrid
Russia 2018,France,5,DF,Samuel Umtiti,1993-11-14,19,2,Barcelona
Russia 2018,France,6,MF,Paul Pogba,1993-03-15,54,9,Manchester United
Russia 2018,France,7,FW,Antoine Griezmann,1991-03-21,54,20,Atlético Madrid
Russia 2018,France,8,FW,Thomas Lemar,1995-11-12,12,3,Monaco
Russia 2018,France,9,FW,Olivier Giroud,1986-09-30,74,31,Chelsea
Russia 2018,France,10,FW,Kylian Mbappé,1998-12-20,15,4,Paris Saint-Germain
Russia 2018,France,11,FW,Ousmane Dembélé,1997-05-15,12,2,Barcelona
Russia 2018,France,12,MF,Corentin Tolisso,1994-08-03,9,0,Bayern Munich
Russia 2018,France,13,MF,N'Golo Kanté,1991-03-29,24,1,Chelsea
Russia 2018,France,14,MF,Blaise Matuidi,1987-04-09,67,9,Juventus
Russia 2018,France,15,MF,Steven Nzonzi,1988-12-15,4,0,Sevilla
Russia 2018,France,16,GK,Steve Mandanda,1985-03-28,27,0,Marseille
Russia 2018,France,17,DF,Adil Rami,1985-12-27,35,1,Marseille
Russia 2018,France,18,FW,Nabil Fekir,1993-07-18,12,2,Lyon
Russia 2018,France,19,DF,Djibril Sidibé,1992-07-29,17,1,Monaco
Russia 2018,France,20,FW,Florian Thauvin,1993-01-26,4,0,Marseille
Russia 2018,France,21,DF,Lucas Hernandez,1996-02-14,5,0,Atlético Madrid
Russia 2018,France,22,DF,Benjamin Mendy,1994-07-17,7,0,Manchester City
Russia 2018,France,23,GK,Alphonse Areola,1993-02-27,0,0,Paris Saint-Germain
Russia 2018,Peru,1,GK,Pedro Gallese,1990-02-23,38,0,Veracruz
Russia 2018,Peru,2,DF,Alberto Rodríguez,1984-03-31,74,0,Atlético Junior
Russia 2018,Peru,3,DF,Aldo Corzo,1989-05-20,26,0,Universitario
Russia 2018,Peru,4,DF,Anderson Santamaría,1992-01-10,4,0,Puebla
Russia 2018,Peru,5,DF,Miguel Araujo,1994-10-24,8,0,Alianza Lima
Russia 2018,Peru,6,DF,Miguel Trauco,1992-08-25,27,0,Flamengo
Russia 2018,Peru,7,MF,Paolo Hurtado,1990-07-27,33,3,Vitória de Guimarães
Russia 2018,Peru,8,MF,Christian Cueva,1991-11-23,46,8,São Paulo
Russia 2018,Peru,9,FW,Paolo Guerrero (captain),1984-01-01,88,34,Flamengo
Russia 2018,Peru,10,FW,Jefferson Farfán,1984-10-26,84,25,Lokomotiv Moscow
Russia 2018,Peru,11,FW,Raúl Ruidíaz,1990-07-25,30,4,Morelia
Russia 2018,Peru,12,GK,Carlos Cáceda,1991-09-27,6,0,Deportivo Municipal
Russia 2018,Peru,13,MF,Renato Tapia,1995-07-28,33,3,Feyenoord
Russia 2018,Peru,14,MF,Andy Polo,1994-09-29,17,1,Portland Timbers
Russia 2018,Peru,15,DF,Christian Ramos,1988-11-04,68,3,Veracruz
Russia 2018,Peru,16,MF,Wilder Cartagena,1994-09-23,3,0,Veracruz
Russia 2018,Peru,17,DF,Luis Advíncula,1990-03-02,67,0,Lobos BUAP
Russia 2018,Peru,18,FW,André Carrillo,1991-06-14,46,5,Watford
Russia 2018,Peru,19,MF,Yoshimar Yotún,1990-04-07,74,2,Orlando City
Russia 2018,Peru,20,FW,Edison Flores,1994-05-14,30,9,AaB
Russia 2018,Peru,21,GK,José Carvallo,1986-03-01,6,0,UTC
Russia 2018,Peru,22,DF,Nilson Loyola,1994-10-26,3,0,Melgar
Russia 2018,Peru,23,MF,Pedro Aquino,1995-04-13,14,0,Lobos BUAP
Russia 2018,Argentina,1,GK,Nahuel Guzmán,1986-02-10,6,0,UANL
Russia 2018,Argentina,2,DF,Gabriel Mercado,1987-03-18,20,3,Sevilla
Russia 2018,Argentina,3,DF,Nicolás Tagliafico,1992-08-31,4,0,Ajax
Russia 2018,Argentina,4,DF,Cristian Ansaldi,1986-09-20,5,0,Torino
Russia 2018,Argentina,5,MF,Lucas Biglia,1986-01-30,57,1,Milan
Russia 2018,Argentina,6,DF,Federico Fazio,1987-03-17,9,1,Roma
Russia 2018,Argentina,7,MF,Éver Banega,1988-06-29,62,6,Sevilla
Russia 2018,Argentina,8,DF,Marcos Acuña,1991-10-28,10,0,Sporting CP
Russia 2018,Argentina,9,FW,Gonzalo Higuaín,1987-12-10,71,31,Juventus
Russia 2018,Argentina,10,FW,Lionel Messi (captain),1987-06-24,124,64,Barcelona
Russia 2018,Argentina,11,MF,Ángel Di María,1988-02-14,94,19,Paris Saint-Germain
Russia 2018,Argentina,12,GK,Franco Armani,1986-10-16,0,0,River Plate
Russia 2018,Argentina,13,MF,Maximiliano Meza,1992-12-15,2,0,Independiente
Russia 2018,Argentina,14,DF,Javier Mascherano,1984-06-08,143,3,Hebei China Fortune
Russia 2018,Argentina,15,MF,Enzo Pérez,1986-02-22,23,1,River Plate
Russia 2018,Argentina,16,DF,Marcos Rojo,1990-03-20,56,2,Manchester United
Russia 2018,Argentina,17,DF,Nicolás Otamendi,1988-02-12,54,4,Manchester City
Russia 2018,Argentina,18,DF,Eduardo Salvio,1990-07-13,9,0,Benfica
Russia 2018,Argentina,19,FW,Sergio Agüero,1988-06-02,85,37,Manchester City
Russia 2018,Argentina,20,MF,Giovani Lo Celso,1996-04-09,5,0,Paris Saint-Germain
Russia 2018,Argentina,21,FW,Paulo Dybala,1993-11-15,12,0,Juventus
Russia 2018,Argentina,22,MF,Cristian Pavón,1996-01-21,5,0,Boca Juniors
Russia 2018,Argentina,23,GK,Willy Caballero,1981-09-28,3,0,Chelsea
Russia 2018,Croatia,1,GK,Dominik Livaković,1995-01-09,1,0,Dinamo Zagreb
Russia 2018,Croatia,2,DF,Šime Vrsaljko,1992-01-10,35,0,Atlético Madrid
Russia 2018,Croatia,3,DF,Ivan Strinić,1987-07-17,43,0,Sampdoria
Russia 2018,Croatia,4,FW,Ivan Perišić,1989-02-02,66,18,Inter Milan
Russia 2018,Croatia,5,DF,Vedran Ćorluka,1986-02-05,99,4,Lokomotiv Moscow
Russia 2018,Croatia,6,DF,Dejan Lovren,1989-07-05,39,2,Liverpool
Russia 2018,Croatia,7,MF,Ivan Rakitić,1988-03-10,92,14,Barcelona
Russia 2018,Croatia,8,MF,Mateo Kovačić,1994-05-06,41,1,Real Madrid
Russia 2018,Croatia,9,FW,Andrej Kramarić,1991-06-19,31,9,1899 Hoffenheim
Russia 2018,Croatia,10,MF,Luka Modrić (captain),1985-09-09,106,12,Real Madrid
Russia 2018,Croatia,11,MF,Marcelo Brozović,1992-11-16,35,6,Inter Milan
Russia 2018,Croatia,12,GK,Lovre Kalinić,1990-04-03,11,0,Gent
Russia 2018,Croatia,13,DF,Tin Jedvaj,1995-11-28,12,0,Bayer Leverkusen
Russia 2018,Croatia,14,MF,Filip Bradarić,1992-01-11,4,0,Rijeka
Russia 2018,Croatia,15,DF,Duje Ćaleta-Car,1996-09-17,1,0,Red Bull Salzburg
Russia 2018,Croatia,16,FW,Nikola Kalinić[note 2],1988-01-05,42,15,Milan
Russia 2018,Croatia,17,FW,Mario Mandžukić,1986-05-21,83,30,Juventus
Russia 2018,Croatia,18,FW,Ante Rebić,1993-09-21,16,1,Eintracht Frankfurt
Russia 2018,Croatia,19,MF,Milan Badelj,1989-02-25,38,1,Fiorentina
Russia 2018,Croatia,20,FW,Marko Pjaca,1995-05-06,16,1,Schalke 04
Russia 2018,Croatia,21,DF,Domagoj Vida,1989-04-29,59,2,Beşiktaş
Russia 2018,Croatia,22,DF,Josip Pivarić,1989-01-30,19,0,Dynamo Kyiv
Russia 2018,Croatia,23,GK,Danijel Subašić,1984-10-27,38,0,Monaco
Russia 2018,Iceland,1,GK,Hannes Þór Halldórsson,1984-04-27,49,0,Randers
Russia 2018,Iceland,2,DF,Birkir Már Sævarsson,1984-11-11,79,1,Valur
Russia 2018,Iceland,3,MF,Samúel Friðjónsson,1996-02-22,4,0,Vålerenga
Russia 2018,Iceland,4,MF,Albert Guðmundsson,1997-06-15,5,3,PSV Eindhoven
Russia 2018,Iceland,5,DF,Sverrir Ingi Ingason,1993-08-05,20,3,Rostov
Russia 2018,Iceland,6,DF,Ragnar Sigurðsson,1986-06-19,77,3,Rostov
Russia 2018,Iceland,7,MF,Jóhann Berg Guðmundsson,1990-10-27,67,7,Burnley
Russia 2018,Iceland,8,MF,Birkir Bjarnason,1988-05-27,67,9,Aston Villa
Russia 2018,Iceland,9,FW,Björn Bergmann Sigurðarson,1991-02-26,12,1,Rostov
Russia 2018,Iceland,10,MF,Gylfi Sigurðsson,1989-09-08,57,19,Everton
Russia 2018,Iceland,11,FW,Alfreð Finnbogason,1989-02-01,47,13,FC Augsburg
Russia 2018,Iceland,12,GK,Frederik Schram,1995-01-19,4,0,Roskilde
Russia 2018,Iceland,13,GK,Rúnar Alex Rúnarsson,1995-02-18,3,0,Nordsjælland
Russia 2018,Iceland,14,DF,Kári Árnason,1982-10-13,67,5,Aberdeen
Russia 2018,Iceland,15,DF,Hólmar Örn Eyjólfsson,1990-08-06,10,1,Levski Sofia
Russia 2018,Iceland,16,MF,Ólafur Ingi Skúlason,1983-04-01,36,1,Kardemir Karabükspor
Russia 2018,Iceland,17,MF,Aron Gunnarsson (captain),1989-04-22,77,2,Cardiff City
Russia 2018,Iceland,18,DF,Hörður Björgvin Magnússon,1993-02-11,16,2,Bristol City
Russia 2018,Iceland,19,MF,Rúrik Gíslason,1988-02-25,47,3,SV Sandhausen
Russia 2018,Iceland,20,MF,Emil Hallfreðsson,1984-06-29,64,1,Udinese
Russia 2018,Iceland,21,MF,Arnór Ingvi Traustason,1993-04-30,19,5,Malmö FF
Russia 2018,Iceland,22,FW,Jón Daði Böðvarsson,1992-05-25,38,2,Reading
Russia 2018,Iceland,23,DF,Ari Freyr Skúlason,1987-05-14,56,0,Lokeren
Russia 2018,Nigeria,1,GK,Ikechukwu Ezenwa,1988-10-16,24,0,Enyimba
Russia 2018,Nigeria,2,DF,Brian Idowu,1992-05-18,5,1,Amkar Perm
Russia 2018,Nigeria,3,DF,Elderson Echiéjilé,1988-01-20,62,3,Cercle Brugge
Russia 2018,Nigeria,4,MF,Wilfred Ndidi,1996-12-16,17,0,Leicester City
Russia 2018,Nigeria,5,DF,William Troost-Ekong,1993-09-01,22,1,Bursaspor
Russia 2018,Nigeria,6,DF,Leon Balogun,1988-06-28,19,0,Mainz 05
Russia 2018,Nigeria,7,FW,Ahmed Musa,1992-10-14,72,13,CSKA Moscow
Russia 2018,Nigeria,8,MF,Peter Etebo,1995-11-09,14,1,Las Palmas
Russia 2018,Nigeria,9,FW,Odion Ighalo,1989-06-16,19,4,Changchun Yatai
Russia 2018,Nigeria,10,MF,John Obi Mikel (captain),1987-04-22,85,6,Tianjin TEDA
Russia 2018,Nigeria,11,FW,Victor Moses,1990-12-12,34,11,Chelsea
Russia 2018,Nigeria,12,DF,Shehu Abdullahi,1993-03-12,25,0,Bursaspor
Russia 2018,Nigeria,13,FW,Simeon Nwankwo,1992-05-07,2,0,Crotone
Russia 2018,Nigeria,14,FW,Kelechi Iheanacho,1996-03-10,18,8,Leicester City
Russia 2018,Nigeria,15,MF,Joel Obi,1991-05-22,17,0,Torino
Russia 2018,Nigeria,16,GK,Daniel Akpeyi,1986-03-08,7,0,Chippa United
Russia 2018,Nigeria,17,MF,Ogenyi Onazi,1992-12-25,52,1,Trabzonspor
Russia 2018,Nigeria,18,FW,Alex Iwobi,1996-05-03,19,5,Arsenal
Russia 2018,Nigeria,19,MF,John Ogu,1988-04-20,20,2,Hapoel Be'er Sheva
Russia 2018,Nigeria,20,DF,Chidozie Awaziem,1997-01-01,4,0,Nantes
Russia 2018,Nigeria,21,DF,Tyronne Ebuehi,1995-12-16,7,0,ADO Den Haag
Russia 2018,Nigeria,22,DF,Kenneth Omeruo,1993-10-17,39,0,Kasımpaşa
Russia 2018,Nigeria,23,GK,Francis Uzoho,1998-10-28,6,0,Deportivo La Coruña
Russia 2018,Brazil,1,GK,Alisson,1992-10-02,26,0,Roma
Russia 2018,Brazil,2,DF,Thiago Silva,1984-09-22,71,5,Paris Saint-Germain
Russia 2018,Brazil,3,DF,Miranda,1984-09-07,47,2,Inter Milan
Russia 2018,Brazil,4,DF,Pedro Geromel,1985-09-21,2,0,Grêmio
Russia 2018,Brazil,5,MF,Casemiro,1992-02-23,24,0,Real Madrid
Russia 2018,Brazil,6,DF,Filipe Luís,1985-08-09,33,2,Atlético Madrid
Russia 2018,Brazil,7,FW,Douglas Costa,1990-09-14,25,3,Juventus
Russia 2018,Brazil,8,MF,Renato Augusto,1988-02-08,28,5,Beijing Sinobo Guoan
Russia 2018,Brazil,9,FW,Gabriel Jesus,1997-04-03,17,10,Manchester City
Russia 2018,Brazil,10,FW,Neymar,1992-02-05,85,55,Paris Saint-Germain
Russia 2018,Brazil,11,MF,Philippe Coutinho,1992-06-12,37,10,Barcelona
Russia 2018,Brazil,12,DF,Marcelo (captain),1988-05-12,54,6,Real Madrid
Russia 2018,Brazil,13,DF,Marquinhos,1994-05-14,26,0,Paris Saint-Germain
Russia 2018,Brazil,14,DF,Danilo,1991-07-15,18,0,Manchester City
Russia 2018,Brazil,15,MF,Paulinho,1988-07-25,50,12,Barcelona
Russia 2018,Brazil,16,GK,Cássio,1987-06-06,1,0,Corinthians
Russia 2018,Brazil,17,MF,Fernandinho,1985-05-04,44,2,Manchester City
Russia 2018,Brazil,18,MF,Fred,1993-03-05,8,0,Shakhtar Donetsk
Russia 2018,Brazil,19,MF,Willian,1988-08-09,57,8,Chelsea
Russia 2018,Brazil,20,FW,Roberto Firmino,1991-10-02,21,7,Liverpool
Russia 2018,Brazil,21,FW,Taison,1988-01-13,8,1,Shakhtar Donetsk
Russia 2018,Brazil,22,DF,Fagner,1989-06-11,4,0,Corinthians
Russia 2018,Brazil,23,GK,Ederson,1993-08-17,1,0,Manchester City
Russia 2018,Costa Rica,1,GK,Keylor Navas,1986-12-15,81,0,Real Madrid
Russia 2018,Costa Rica,2,DF,Jhonny Acosta,1983-07-21,69,2,Águilas Doradas
Russia 2018,Costa Rica,3,DF,Giancarlo González,1988-02-08,70,2,Bologna
Russia 2018,Costa Rica,4,DF,Ian Smith,1998-03-06,4,0,Norrköping
Russia 2018,Costa Rica,5,MF,Celso Borges,1988-05-27,113,21,Deportivo La Coruña
Russia 2018,Costa Rica,6,DF,Óscar Duarte,1989-06-03,39,2,Espanyol
Russia 2018,Costa Rica,7,MF,Christian Bolaños,1984-05-17,81,6,Saprissa
Russia 2018,Costa Rica,8,DF,Bryan Oviedo,1990-02-18,44,1,Sunderland
Russia 2018,Costa Rica,9,MF,Daniel Colindres,1985-01-10,11,0,Saprissa
Russia 2018,Costa Rica,10,MF,Bryan Ruiz (captain),1985-08-18,110,24,Sporting CP
Russia 2018,Costa Rica,11,FW,Johan Venegas,1988-11-27,47,10,Saprissa
Russia 2018,Costa Rica,12,FW,Joel Campbell,1992-06-26,77,15,Real Betis
Russia 2018,Costa Rica,13,MF,Rodney Wallace,1988-06-17,30,4,New York City FC
Russia 2018,Costa Rica,14,MF,Randall Azofeifa,1984-12-30,58,3,Herediano
Russia 2018,Costa Rica,15,DF,Francisco Calvo,1992-07-08,38,4,Minnesota United
Russia 2018,Costa Rica,16,DF,Cristian Gamboa,1989-10-24,68,3,Celtic
Russia 2018,Costa Rica,17,MF,Yeltsin Tejeda,1992-03-17,51,0,Lausanne
Russia 2018,Costa Rica,18,GK,Patrick Pemberton,1982-04-24,39,0,Alajuelense
Russia 2018,Costa Rica,19,DF,Kendall Waston,1988-01-01,26,3,Vancouver Whitecaps FC
Russia 2018,Costa Rica,20,MF,David Guzmán,1990-02-18,43,0,Portland Timbers
Russia 2018,Costa Rica,21,FW,Marco Ureña,1990-03-05,64,15,Los Angeles FC
Russia 2018,Costa Rica,22,DF,Kenner Gutiérrez,1989-06-09,9,0,Alajuelense
Russia 2018,Costa Rica,23,GK,Leonel Moreira,1990-04-02,9,0,Herediano
Russia 2018,Serbia,1,GK,Vladimir Stojković,1983-07-28,81,0,Partizan
Russia 2018,Serbia,2,DF,Antonio Rukavina,1984-01-26,47,0,Villarreal
Russia 2018,Serbia,3,DF,Duško Tošić,1985-01-19,24,1,Beşiktaş
Russia 2018,Serbia,4,MF,Luka Milivojević,1991-04-07,28,1,Crystal Palace
Russia 2018,Serbia,5,DF,Uroš Spajić,1993-02-13,5,0,Anderlecht
Russia 2018,Serbia,6,DF,Branislav Ivanović,1984-02-22,103,13,Zenit Saint Petersburg
Russia 2018,Serbia,7,MF,Andrija Živković,1996-07-11,10,0,Benfica
Russia 2018,Serbia,8,FW,Aleksandar Prijović,1990-04-21,9,1,PAOK
Russia 2018,Serbia,9,FW,Aleksandar Mitrović,1994-09-16,37,16,Fulham
Russia 2018,Serbia,10,MF,Dušan Tadić,1988-11-20,53,13,Southampton
Russia 2018,Serbia,11,DF,Aleksandar Kolarov (captain),1985-11-10,76,10,Roma
Russia 2018,Serbia,12,GK,Predrag Rajković,1995-10-31,8,0,Maccabi Tel Aviv
Russia 2018,Serbia,13,DF,Miloš Veljković,1995-09-26,2,0,Werder Bremen
Russia 2018,Serbia,14,DF,Milan Rodić,1991-04-02,1,0,Red Star Belgrade
Russia 2018,Serbia,15,DF,Nikola Milenković,1997-10-12,3,0,Fiorentina
Russia 2018,Serbia,16,MF,Marko Grujić,1996-04-13,8,0,Cardiff City
Russia 2018,Serbia,17,MF,Filip Kostić,1992-11-01,23,2,Hamburger SV
Russia 2018,Serbia,18,FW,Nemanja Radonjić,1996-02-15,3,0,Red Star Belgrade
Russia 2018,Serbia,19,FW,Luka Jović,1997-12-23,1,0,Eintracht Frankfurt
Russia 2018,Serbia,20,MF,Sergej Milinković-Savić,1995-02-27,4,0,Lazio
Russia 2018,Serbia,21,MF,Nemanja Matić,1988-08-01,40,2,Manchester United
Russia 2018,Serbia,22,MF,Adem Ljajić,1991-09-29,29,6,Torino
Russia 2018,Serbia,23,GK,Marko Dmitrović,1992-01-24,2,0,Eibar
Russia 2018,Switzerland,1,GK,Yann Sommer,1988-12-17,35,0,Borussia Mönchengladbach
Russia 2018,Switzerland,2,DF,Stephan Lichtsteiner (captain),1984-01-16,100,8,Juventus
Russia 2018,Switzerland,3,DF,François Moubandje,1990-06-21,18,0,Toulouse
Russia 2018,Switzerland,4,DF,Nico Elvedi,1996-09-30,6,0,Borussia Mönchengladbach
Russia 2018,Switzerland,5,DF,Manuel Akanji,1995-07-19,7,0,Borussia Dortmund
Russia 2018,Switzerland,6,DF,Michael Lang,1991-02-08,24,2,Basel
Russia 2018,Switzerland,7,FW,Breel Embolo,1997-02-14,25,3,Schalke 04
Russia 2018,Switzerland,8,MF,Remo Freuler,1992-04-15,10,0,Atalanta
Russia 2018,Switzerland,9,FW,Haris Seferovic,1992-02-22,51,12,Benfica
Russia 2018,Switzerland,10,MF,Granit Xhaka,1992-09-27,62,9,Arsenal
Russia 2018,Switzerland,11,MF,Valon Behrami,1985-04-19,79,2,Udinese
Russia 2018,Switzerland,12,GK,Yvon Mvogo,1994-06-06,0,0,RB Leipzig
Russia 2018,Switzerland,13,DF,Ricardo Rodríguez,1992-08-25,53,5,Milan
Russia 2018,Switzerland,14,MF,Steven Zuber,1991-08-17,12,3,1899 Hoffenheim
Russia 2018,Switzerland,15,MF,Blerim Džemaili,1986-04-12,65,9,Bologna
Russia 2018,Switzerland,16,MF,Gelson Fernandes,1986-09-02,67,2,Eintracht Frankfurt
Russia 2018,Switzerland,17,MF,Denis Zakaria,1996-11-20,10,0,Borussia Mönchengladbach
Russia 2018,Switzerland,18,FW,Mario Gavranović,1989-11-24,14,5,Dinamo Zagreb
Russia 2018,Switzerland,19,FW,Josip Drmić,1992-08-08,29,9,Borussia Mönchengladbach
Russia 2018,Switzerland,20,DF,Johan Djourou,1987-01-18,74,2,Antalyaspor
Russia 2018,Switzerland,21,GK,Roman Bürki,1990-11-14,9,0,Borussia Dortmund
Russia 2018,Switzerland,22,DF,Fabian Schär,1991-12-20,39,7,Deportivo La Coruña
Russia 2018,Switzerland,23,MF,Xherdan Shaqiri,1991-10-10,70,20,Stoke City
Russia 2018,Germany,1,GK,Manuel Neuer (captain),1986-03-27,76,0,Bayern Munich
Russia 2018,Germany,2,DF,Marvin Plattenhardt,1992-01-26,6,0,Hertha BSC
Russia 2018,Germany,3,DF,Jonas Hector,1990-05-27,38,3,1. FC Köln
Russia 2018,Germany,4,DF,Matthias Ginter,1994-01-19,18,0,Borussia Mönchengladbach
Russia 2018,Germany,5,DF,Mats Hummels,1988-12-16,64,5,Bayern Munich
Russia 2018,Germany,6,MF,Sami Khedira,1987-04-04,75,7,Juventus
Russia 2018,Germany,7,MF,Julian Draxler,1993-09-20,44,6,Paris Saint-Germain
Russia 2018,Germany,8,MF,Toni Kroos,1990-01-04,83,12,Real Madrid
Russia 2018,Germany,9,FW,Timo Werner,1996-03-06,14,8,RB Leipzig
Russia 2018,Germany,10,MF,Mesut Özil,1988-10-15,90,23,Arsenal
Russia 2018,Germany,11,FW,Marco Reus,1989-05-31,31,9,Borussia Dortmund
Russia 2018,Germany,12,GK,Kevin Trapp,1990-07-08,3,0,Paris Saint-Germain
Russia 2018,Germany,13,MF,Thomas Müller,1989-09-13,91,38,Bayern Munich
Russia 2018,Germany,14,MF,Leon Goretzka,1995-02-06,15,6,Schalke 04
Russia 2018,Germany,15,DF,Niklas Süle,1995-09-03,11,0,Bayern Munich
Russia 2018,Germany,16,DF,Antonio Rüdiger,1993-03-03,24,1,Chelsea
Russia 2018,Germany,17,DF,Jérôme Boateng,1988-09-03,71,1,Bayern Munich
Russia 2018,Germany,18,DF,Joshua Kimmich,1995-02-08,29,3,Bayern Munich
Russia 2018,Germany,19,MF,Sebastian Rudy,1990-02-28,25,1,Bayern Munich
Russia 2018,Germany,20,MF,Julian Brandt,1996-05-02,16,1,Bayer Leverkusen
Russia 2018,Germany,21,MF,İlkay Gündoğan,1990-10-24,26,4,Manchester City
Russia 2018,Germany,22,GK,Marc-André ter Stegen,1992-04-30,20,0,Barcelona
Russia 2018,Germany,23,FW,Mario Gómez,1985-07-10,75,31,VfB Stuttgart
Russia 2018,Mexico,1,GK,José de Jesús Corona,1981-01-26,52,0,Cruz Azul
Russia 2018,Mexico,2,DF,Hugo Ayala,1987-03-31,43,1,UANL
Russia 2018,Mexico,3,DF,Carlos Salcedo,1993-09-29,21,0,Eintracht Frankfurt
Russia 2018,Mexico,4,DF,Rafael Márquez (captain),1979-02-13,145,18,Atlas
Russia 2018,Mexico,5,MF,Érick Gutiérrez,1995-06-15,9,0,Pachuca
Russia 2018,Mexico,6,MF,Jonathan dos Santos,1990-04-26,32,0,LA Galaxy
Russia 2018,Mexico,7,MF,Miguel Layún,1988-06-25,64,6,Sevilla
Russia 2018,Mexico,8,FW,Marco Fabián,1989-07-21,39,9,Eintracht Frankfurt
Russia 2018,Mexico,9,FW,Raúl Jiménez,1991-05-05,63,13,Benfica
Russia 2018,Mexico,10,MF,Giovani dos Santos,1989-05-11,105,19,LA Galaxy
Russia 2018,Mexico,11,FW,Carlos Vela,1989-03-01,68,18,Los Angeles FC
Russia 2018,Mexico,12,GK,Alfredo Talavera,1982-09-18,27,0,Toluca
Russia 2018,Mexico,13,GK,Guillermo Ochoa,1985-07-13,94,0,Standard Liège
Russia 2018,Mexico,14,FW,Javier Hernández,1988-06-01,102,49,West Ham United
Russia 2018,Mexico,15,DF,Héctor Moreno,1988-01-17,92,3,Real Sociedad
Russia 2018,Mexico,16,DF,Héctor Herrera,1990-04-19,66,5,Porto
Russia 2018,Mexico,17,MF,Jesús Manuel Corona,1993-01-06,36,7,Porto
Russia 2018,Mexico,18,MF,Andrés Guardado,1986-09-28,145,25,Real Betis
Russia 2018,Mexico,19,FW,Oribe Peralta,1984-01-12,67,26,América
Russia 2018,Mexico,20,MF,Javier Aquino,1990-02-11,53,0,UANL
Russia 2018,Mexico,21,DF,Edson Álvarez,1997-10-24,13,1,América
Russia 2018,Mexico,22,FW,Hirving Lozano,1995-07-30,28,7,PSV Eindhoven
Russia 2018,Mexico,23,MF,Jesús Gallardo,1994-08-15,23,0,UNAM
Russia 2018,South Korea,1,GK,Kim Seung-gyu,1990-09-30,33,0,Vissel Kobe
Russia 2018,South Korea,2,DF,Lee Yong,1986-12-24,28,0,Jeonbuk Hyundai Motors
Russia 2018,South Korea,3,DF,Jung Seung-hyun,1994-04-03,6,0,Sagan Tosu
Russia 2018,South Korea,4,DF,Oh Ban-suk,1988-05-20,2,0,Jeju United
Russia 2018,South Korea,5,DF,Yun Young-sun,1988-10-04,6,0,Seongnam FC
Russia 2018,South Korea,6,DF,Park Joo-ho,1987-01-16,36,0,Ulsan Hyundai
Russia 2018,South Korea,7,FW,Son Heung-min,1992-07-08,67,21,Tottenham Hotspur
Russia 2018,South Korea,8,MF,Ju Se-jong,1990-10-30,11,1,Asan Mugunghwa
Russia 2018,South Korea,9,FW,Kim Shin-wook,1988-04-14,50,10,Jeonbuk Hyundai Motors
Russia 2018,South Korea,10,MF,Lee Seung-woo,1998-01-06,4,0,Hellas Verona
Russia 2018,South Korea,11,FW,Hwang Hee-chan,1996-01-26,14,2,Red Bull Salzburg
Russia 2018,South Korea,12,DF,Kim Min-woo,1990-02-25,20,1,Sangju Sangmu
Russia 2018,South Korea,13,MF,Koo Ja-cheol,1989-02-27,68,19,FC Augsburg
Russia 2018,South Korea,14,DF,Hong Chul,1990-09-17,14,0,Sangju Sangmu
Russia 2018,South Korea,15,MF,Jung Woo-young,1989-12-14,30,1,Vissel Kobe
Russia 2018,South Korea,16,MF,Ki Sung-yueng (captain),1989-01-24,102,10,Swansea City
Russia 2018,South Korea,17,MF,Lee Jae-sung,1992-08-10,35,6,Jeonbuk Hyundai Motors
Russia 2018,South Korea,18,MF,Moon Seon-min,1992-06-09,3,1,Incheon United
Russia 2018,South Korea,19,DF,Kim Young-gwon,1990-02-27,53,2,Guangzhou Evergrande
Russia 2018,South Korea,20,DF,Jang Hyun-soo,1991-09-28,51,3,FC Tokyo
Russia 2018,South Korea,21,GK,Kim Jin-hyeon,1987-07-06,15,0,Cerezo Osaka
Russia 2018,South Korea,22,DF,Go Yo-han,1988-03-10,20,0,FC Seoul
Russia 2018,South Korea,23,GK,Jo Hyeon-woo,1991-09-25,6,0,Daegu FC
Russia 2018,Sweden,1,GK,Robin Olsen,1990-01-08,18,0,Copenhagen
Russia 2018,Sweden,2,DF,Mikael Lustig,1986-12-13,66,6,Celtic
Russia 2018,Sweden,3,DF,Victor Lindelöf,1994-07-17,21,1,Manchester United
Russia 2018,Sweden,4,DF,Andreas Granqvist (captain),1985-04-16,72,6,Krasnodar
Russia 2018,Sweden,5,DF,Martin Olsson,1988-05-17,43,5,Swansea City
Russia 2018,Sweden,6,DF,Ludwig Augustinsson,1994-04-21,15,0,Werder Bremen
Russia 2018,Sweden,7,MF,Sebastian Larsson,1985-06-06,100,6,Hull City
Russia 2018,Sweden,8,MF,Albin Ekdal,1989-07-28,34,0,Hamburger SV
Russia 2018,Sweden,9,FW,Marcus Berg,1986-08-17,57,18,Al Ain
Russia 2018,Sweden,10,MF,Emil Forsberg,1991-10-23,36,6,RB Leipzig
Russia 2018,Sweden,11,FW,John Guidetti,1992-04-15,20,1,Alavés
Russia 2018,Sweden,12,GK,Karl-Johan Johnsson,1990-01-28,5,0,Guingamp
Russia 2018,Sweden,13,MF,Gustav Svensson,1987-02-07,13,0,Seattle Sounders FC
Russia 2018,Sweden,14,DF,Filip Helander,1993-04-22,4,0,Bologna
Russia 2018,Sweden,15,MF,Oscar Hiljemark,1992-06-28,22,2,Genoa
Russia 2018,Sweden,16,DF,Emil Krafth,1994-08-02,13,0,Bologna
Russia 2018,Sweden,17,MF,Viktor Claesson,1992-01-02,22,3,Krasnodar
Russia 2018,Sweden,18,DF,Pontus Jansson,1991-02-13,15,0,Leeds United
Russia 2018,Sweden,19,MF,Marcus Rohdén,1991-05-11,12,1,Crotone
Russia 2018,Sweden,20,FW,Ola Toivonen,1986-07-03,59,13,Toulouse
Russia 2018,Sweden,21,MF,Jimmy Durmaz,1989-03-22,45,3,Toulouse
Russia 2018,Sweden,22,FW,Isaac Kiese Thelin,1992-06-24,20,2,Waasland-Beveren
Russia 2018,Sweden,23,GK,Kristoffer Nordfeldt,1989-06-23,8,0,Swansea City
Russia 2018,Belgium,1,GK,Thibaut Courtois,1992-05-11,58,0,Chelsea
Russia 2018,Belgium,2,DF,Toby Alderweireld,1989-03-02,77,3,Tottenham Hotspur
Russia 2018,Belgium,3,DF,Thomas Vermaelen,1985-11-14,66,1,Barcelona
Russia 2018,Belgium,4,DF,Vincent Kompany,1986-04-10,77,4,Manchester City
Russia 2018,Belgium,5,DF,Jan Vertonghen,1987-04-24,102,8,Tottenham Hotspur
Russia 2018,Belgium,6,MF,Axel Witsel,1989-01-12,90,9,Tianjin Quanjian
Russia 2018,Belgium,7,MF,Kevin De Bruyne,1991-06-28,62,14,Manchester City
Russia 2018,Belgium,8,MF,Marouane Fellaini,1987-11-22,82,17,Manchester United
Russia 2018,Belgium,9,FW,Romelu Lukaku,1993-05-13,69,36,Manchester United
Russia 2018,Belgium,10,FW,Eden Hazard (captain),1991-01-07,86,22,Chelsea
Russia 2018,Belgium,11,MF,Yannick Carrasco,1993-09-04,26,5,Dalian Yifang
Russia 2018,Belgium,12,GK,Simon Mignolet,1988-03-06,21,0,Liverpool
Russia 2018,Belgium,13,GK,Koen Casteels,1992-06-25,0,0,VfL Wolfsburg
Russia 2018,Belgium,14,FW,Dries Mertens,1987-05-06,69,14,Napoli
Russia 2018,Belgium,15,DF,Thomas Meunier,1991-09-12,25,5,Paris Saint-Germain
Russia 2018,Belgium,16,MF,Thorgan Hazard,1993-03-29,11,1,Borussia Mönchengladbach
Russia 2018,Belgium,17,MF,Youri Tielemans,1997-05-07,9,0,Monaco
Russia 2018,Belgium,18,FW,Adnan Januzaj,1995-02-05,8,0,Real Sociedad
Russia 2018,Belgium,19,MF,Mousa Dembélé,1987-07-16,76,5,Tottenham Hotspur
Russia 2018,Belgium,20,DF,Dedryck Boyata,1990-11-28,7,0,Celtic
Russia 2018,Belgium,21,FW,Michy Batshuayi,1993-10-02,16,7,Borussia Dortmund
Russia 2018,Belgium,22,MF,Nacer Chadli,1989-08-02,45,5,West Bromwich Albion
Russia 2018,Belgium,23,DF,Leander Dendoncker,1995-04-15,5,0,Anderlecht
Russia 2018,England,1,GK,Jordan Pickford,1994-03-07,3,0,Everton
Russia 2018,England,2,DF,Kyle Walker,1990-05-28,35,0,Manchester City
Russia 2018,England,3,DF,Danny Rose,1990-07-02,18,0,Tottenham Hotspur
Russia 2018,England,4,MF,Eric Dier,1994-01-15,26,3,Tottenham Hotspur
Russia 2018,England,5,DF,John Stones,1994-05-28,26,0,Manchester City
Russia 2018,England,6,DF,Harry Maguire,1993-03-05,5,0,Leicester City
Russia 2018,England,7,MF,Jesse Lingard,1992-12-15,12,1,Manchester United
Russia 2018,England,8,MF,Jordan Henderson,1990-06-17,39,0,Liverpool
Russia 2018,England,9,FW,Harry Kane (captain),1993-07-28,24,13,Tottenham Hotspur
Russia 2018,England,10,FW,Raheem Sterling,1994-12-08,38,2,Manchester City
Russia 2018,England,11,FW,Jamie Vardy,1987-01-11,22,7,Leicester City
Russia 2018,England,12,DF,Kieran Trippier,1990-09-19,7,0,Tottenham Hotspur
Russia 2018,England,13,GK,Jack Butland,1993-03-10,8,0,Stoke City
Russia 2018,England,14,FW,Danny Welbeck,1990-11-26,39,16,Arsenal
Russia 2018,England,15,DF,Gary Cahill,1985-12-19,60,5,Chelsea
Russia 2018,England,16,DF,Phil Jones,1992-02-21,25,0,Manchester United
Russia 2018,England,17,DF,Fabian Delph,1989-11-21,11,0,Manchester City
Russia 2018,England,18,DF,Ashley Young,1985-07-09,34,7,Manchester United
Russia 2018,England,19,FW,Marcus Rashford,1997-10-31,19,3,Manchester United
Russia 2018,England,20,MF,Dele Alli,1996-04-11,25,2,Tottenham Hotspur
Russia 2018,England,21,MF,Ruben Loftus-Cheek,1996-01-23,4,0,Crystal Palace
Russia 2018,England,22,DF,Trent Alexander-Arnold,1998-10-07,1,0,Liverpool
Russia 2018,England,23,GK,Nick Pope,1992-04-19,1,0,Burnley
Russia 2018,Panama,1,GK,Jaime Penedo,1981-09-26,131,0,Dinamo București
Russia 2018,Panama,2,DF,Michael Amir Murillo,1996-02-11,22,2,New York Red Bulls
Russia 2018,Panama,3,DF,Harold Cummings,1992-03-01,52,0,San Jose Earthquakes
Russia 2018,Panama,4,DF,Fidel Escobar,1995-01-09,23,1,New York Red Bulls
Russia 2018,Panama,5,DF,Román Torres,1986-03-20,111,10,Seattle Sounders FC
Russia 2018,Panama,6,MF,Gabriel Gómez,1984-05-29,144,12,Atlético Bucaramanga
Russia 2018,Panama,7,FW,Blas Pérez,1981-03-13,118,43,Municipal
Russia 2018,Panama,8,MF,Édgar Bárcenas,1993-10-23,29,0,Tapachula
Russia 2018,Panama,9,FW,Gabriel Torres,1988-10-31,72,14,Huachipato
Russia 2018,Panama,10,FW,Ismael Díaz,1997-05-12,11,2,Deportivo Fabril
Russia 2018,Panama,11,MF,Armando Cooper,1987-11-26,98,7,Universidad de Chile
Russia 2018,Panama,12,GK,José Calderón,1985-08-14,31,0,Chorrillo
Russia 2018,Panama,13,DF,Adolfo Machado,1985-02-14,76,1,Houston Dynamo
Russia 2018,Panama,14,MF,Valentín Pimentel,1991-05-30,23,1,Plaza Amador
Russia 2018,Panama,15,DF,Erick Davis,1991-03-31,38,0,Dunajská Streda
Russia 2018,Panama,16,FW,Abdiel Arroyo,1993-12-13,33,5,Alajuelense
Russia 2018,Panama,17,DF,Luis Ovalle,1988-09-07,25,0,CD Olimpia
Russia 2018,Panama,18,FW,Luis Tejada,1982-03-28,105,43,Sport Boys
Russia 2018,Panama,19,MF,Ricardo Ávila,1997-02-04,5,0,Gent
Russia 2018,Panama,20,MF,Aníbal Godoy,1990-02-10,88,1,San Jose Earthquakes
Russia 2018,Panama,21,MF,José Luis Rodríguez,1998-06-19,2,0,Gent
Russia 2018,Panama,22,GK,Álex Rodríguez,1990-08-05,6,0,San Francisco
Russia 2018,Panama,23,DF,Felipe Baloy (captain),1981-02-24,102,3,Municipal
Russia 2018,Tunisia,1,GK,Farouk Ben Mustapha,1989-07-01,15,0,Al Shabab
Russia 2018,Tunisia,2,DF,Syam Ben Youssef,1989-03-31,42,1,Kasımpaşa
Russia 2018,Tunisia,3,DF,Yohan Benalouane,1987-03-28,4,0,Leicester City
Russia 2018,Tunisia,4,DF,Yassine Meriah,1993-07-02,16,1,CS Sfaxien
Russia 2018,Tunisia,5,DF,Oussama Haddadi,1992-01-28,9,0,Dijon
Russia 2018,Tunisia,6,DF,Rami Bedoui,1990-01-19,8,0,Étoile du Sahel
Russia 2018,Tunisia,7,FW,Saîf-Eddine Khaoui,1995-04-27,5,0,Troyes
Russia 2018,Tunisia,8,FW,Fakhreddine Ben Youssef,1991-06-23,39,5,Al-Ettifaq
Russia 2018,Tunisia,9,MF,Anice Badri,1990-09-18,7,2,Espérance de Tunis
Russia 2018,Tunisia,10,FW,Wahbi Khazri,1991-02-08,35,12,Rennes
Russia 2018,Tunisia,11,DF,Dylan Bronn,1995-06-19,5,0,Gent
Russia 2018,Tunisia,12,DF,Ali Maâloul,1990-01-01,46,0,Al Ahly
Russia 2018,Tunisia,13,MF,Ferjani Sassi,1992-03-18,39,3,Al Nassr
Russia 2018,Tunisia,14,MF,Mohamed Amine Ben Amor,1992-05-03,26,1,Al Ahli
Russia 2018,Tunisia,15,FW,Ahmed Khalil,1994-12-21,3,0,Club Africain
Russia 2018,Tunisia,16,GK,Aymen Mathlouthi (captain),1984-09-14,70,0,Al Batin
Russia 2018,Tunisia,17,MF,Ellyes Skhiri,1995-05-10,5,0,Montpellier
Russia 2018,Tunisia,18,FW,Bassem Srarfi,1997-06-25,5,0,Nice
Russia 2018,Tunisia,19,FW,Saber Khalifa,1986-10-14,44,7,Club Africain
Russia 2018,Tunisia,20,FW,Ghailene Chaalali,1994-02-28,6,1,Espérance de Tunis
Russia 2018,Tunisia,21,DF,Hamdi Nagguez,1992-10-28,15,0,Zamalek
Russia 2018,Tunisia,22,GK,Mouez Hassen,1995-03-05,3,0,Châteauroux
Russia 2018,Tunisia,23,FW,Naïm Sliti,1992-07-27,17,3,Dijon
Russia 2018,Colombia,1,GK,David Ospina,1988-08-31,86,0,Arsenal
Russia 2018,Colombia,2,DF,Cristián Zapata,1986-09-30,55,2,Milan
Russia 2018,Colombia,3,DF,Óscar Murillo,1988-04-18,13,0,Pachuca
Russia 2018,Colombia,4,DF,Santiago Arias,1992-01-13,41,0,PSV Eindhoven
Russia 2018,Colombia,5,MF,Wilmar Barrios,1993-10-16,10,0,Boca Juniors
Russia 2018,Colombia,6,MF,Carlos Sánchez,1986-02-06,85,0,Espanyol
Russia 2018,Colombia,7,FW,Carlos Bacca,1986-09-08,45,14,Villarreal
Russia 2018,Colombia,8,MF,Abel Aguilar,1985-01-06,70,7,Deportivo Cali
Russia 2018,Colombia,9,FW,Radamel Falcao (captain),1986-02-10,73,29,Monaco
Russia 2018,Colombia,10,MF,James Rodríguez,1991-07-12,63,21,Bayern Munich
Russia 2018,Colombia,11,MF,Juan Cuadrado,1988-05-26,70,7,Juventus
Russia 2018,Colombia,12,GK,Camilo Vargas,1989-03-09,5,0,Deportivo Cali
Russia 2018,Colombia,13,DF,Yerry Mina,1994-09-23,12,3,Barcelona
Russia 2018,Colombia,14,FW,Luis Muriel,1991-04-16,18,2,Sevilla
Russia 2018,Colombia,15,MF,Mateus Uribe,1991-03-21,8,0,América
Russia 2018,Colombia,16,MF,Jefferson Lerma,1994-10-25,5,0,Levante
Russia 2018,Colombia,17,DF,Johan Mojica,1992-08-21,4,1,Girona
Russia 2018,Colombia,18,DF,Farid Díaz,1983-07-20,13,0,Olimpia
Russia 2018,Colombia,19,FW,Miguel Borja,1993-01-26,7,2,Palmeiras
Russia 2018,Colombia,20,MF,Juan Fernando Quintero,1993-01-18,15,2,River Plate
Russia 2018,Colombia,21,FW,José Izquierdo,1992-07-07,5,1,Brighton & Hove Albion
Russia 2018,Colombia,22,GK,José Fernando Cuadrado,1985-06-01,1,0,Once Caldas
Russia 2018,Colombia,23,DF,Davinson Sánchez,1996-06-12,9,0,Tottenham Hotspur
Russia 2018,Japan,1,GK,Eiji Kawashima,1983-03-20,84,0,Metz
Russia 2018,Japan,2,DF,Naomichi Ueda,1994-10-24,4,0,Kashima Antlers
Russia 2018,Japan,3,DF,Gen Shoji,1992-12-11,11,1,Kashima Antlers
Russia 2018,Japan,4,MF,Keisuke Honda,1986-06-13,95,36,Pachuca
Russia 2018,Japan,5,DF,Yuto Nagatomo,1986-09-12,105,3,Galatasaray
Russia 2018,Japan,6,DF,Wataru Endo,1993-02-09,12,0,Urawa Red Diamonds
Russia 2018,Japan,7,MF,Gaku Shibasaki,1992-05-28,18,3,Getafe
Russia 2018,Japan,8,MF,Genki Haraguchi,1991-05-09,33,6,Fortuna Düsseldorf
Russia 2018,Japan,9,FW,Shinji Okazaki,1986-04-16,113,50,Leicester City
Russia 2018,Japan,10,MF,Shinji Kagawa,1989-03-17,92,30,Borussia Dortmund
Russia 2018,Japan,11,MF,Takashi Usami,1992-05-06,24,3,Fortuna Düsseldorf
Russia 2018,Japan,12,GK,Masaaki Higashiguchi,1986-05-12,5,0,Gamba Osaka
Russia 2018,Japan,13,FW,Yoshinori Muto,1992-07-15,24,2,Mainz 05
Russia 2018,Japan,14,MF,Takashi Inui,1988-06-02,27,4,Eibar
Russia 2018,Japan,15,FW,Yuya Osako,1990-05-18,29,7,1. FC Köln
Russia 2018,Japan,16,MF,Hotaru Yamaguchi,1990-10-06,42,2,Cerezo Osaka
Russia 2018,Japan,17,MF,Makoto Hasebe (captain),1984-01-18,110,2,Eintracht Frankfurt
Russia 2018,Japan,18,MF,Ryota Oshima,1993-01-23,5,0,Kawasaki Frontale
Russia 2018,Japan,19,DF,Hiroki Sakai,1990-04-12,43,0,Marseille
Russia 2018,Japan,20,DF,Tomoaki Makino,1987-05-11,32,4,Urawa Red Diamonds
Russia 2018,Japan,21,DF,Gōtoku Sakai,1991-03-14,41,0,Hamburger SV
Russia 2018,Japan,22,DF,Maya Yoshida,1988-08-24,82,10,Southampton
Russia 2018,Japan,23,GK,Kosuke Nakamura,1995-02-27,4,0,Kashiwa Reysol
Russia 2018,Poland,1,GK,Wojciech Szczęsny,1990-04-18,35,0,Juventus
Russia 2018,Poland,2,DF,Michał Pazdan,1987-09-21,33,0,Legia Warsaw
Russia 2018,Poland,3,DF,Artur Jędrzejczyk,1987-11-04,36,3,Legia Warsaw
Russia 2018,Poland,4,DF,Thiago Cionek,1986-04-21,19,0,SPAL
Russia 2018,Poland,5,DF,Jan Bednarek,1996-04-12,3,0,Southampton
Russia 2018,Poland,6,MF,Jacek Góralski,1992-09-21,5,0,Ludogorets Razgrad
Russia 2018,Poland,7,FW,Arkadiusz Milik,1994-02-28,40,12,Napoli
Russia 2018,Poland,8,MF,Karol Linetty,1995-02-02,20,1,Sampdoria
Russia 2018,Poland,9,FW,Robert Lewandowski (captain),1988-08-21,95,55,Bayern Munich
Russia 2018,Poland,10,MF,Grzegorz Krychowiak,1990-01-29,51,2,West Bromwich Albion
Russia 2018,Poland,11,MF,Kamil Grosicki,1988-06-08,57,12,Hull City
Russia 2018,Poland,12,GK,Bartosz Białkowski,1987-07-06,1,0,Ipswich Town
Russia 2018,Poland,13,MF,Maciej Rybus,1989-08-19,51,2,Lokomotiv Moscow
Russia 2018,Poland,14,FW,Łukasz Teodorczyk,1991-06-03,17,4,Anderlecht
Russia 2018,Poland,15,DF,Kamil Glik,1988-02-03,57,4,Monaco
Russia 2018,Poland,16,MF,Jakub Błaszczykowski,1985-12-14,99,20,VfL Wolfsburg
Russia 2018,Poland,17,MF,Sławomir Peszko,1985-02-19,43,2,Lechia Gdańsk
Russia 2018,Poland,18,DF,Bartosz Bereszyński,1992-07-12,8,0,Sampdoria
Russia 2018,Poland,19,MF,Piotr Zieliński,1994-05-20,33,5,Napoli
Russia 2018,Poland,20,DF,Łukasz Piszczek,1985-06-03,63,3,Borussia Dortmund
Russia 2018,Poland,21,MF,Rafał Kurzawa,1993-01-29,3,0,Górnik Zabrze
Russia 2018,Poland,22,GK,Łukasz Fabiański,1985-04-18,45,0,Swansea City
Russia 2018,Poland,23,FW,Dawid Kownacki,1997-03-14,2,1,Sampdoria
Russia 2018,Senegal,1,GK,Abdoulaye Diallo,1992-03-30,17,0,Rennes
Russia 2018,Senegal,2,DF,Adama Mbengue,1993-12-01,6,0,Caen
Russia 2018,Senegal,3,DF,Kalidou Koulibaly,1991-06-20,26,0,Napoli
Russia 2018,Senegal,4,DF,Kara Mbodji,1989-11-22,52,5,Anderlecht
Russia 2018,Senegal,5,MF,Idrissa Gueye,1989-09-26,61,1,Everton
Russia 2018,Senegal,6,MF,Salif Sané,1990-08-25,22,0,Hannover 96
Russia 2018,Senegal,7,FW,Moussa Sow,1986-01-19,51,18,Bursaspor
Russia 2018,Senegal,8,MF,Cheikhou Kouyaté (captain),1989-12-21,48,2,West Ham United
Russia 2018,Senegal,9,FW,Mame Biram Diouf,1987-12-16,49,10,Stoke City
Russia 2018,Senegal,10,FW,Sadio Mané,1992-04-10,53,14,Liverpool
Russia 2018,Senegal,11,MF,Cheikh N'Doye,1986-03-29,26,3,Birmingham City
Russia 2018,Senegal,12,DF,Youssouf Sabaly,1993-03-05,5,0,Bordeaux
Russia 2018,Senegal,13,MF,Alfred N'Diaye,1990-03-06,21,0,Wolverhampton Wanderers
Russia 2018,Senegal,14,FW,Moussa Konaté,1993-04-03,28,10,Amiens
Russia 2018,Senegal,15,FW,Diafra Sakho,1989-12-24,12,3,Rennes
Russia 2018,Senegal,16,GK,Khadim N'Diaye,1985-04-05,26,0,Horoya
Russia 2018,Senegal,17,MF,Badou Ndiaye,1990-10-27,20,1,Stoke City
Russia 2018,Senegal,18,FW,Ismaïla Sarr,1998-02-25,16,3,Rennes
Russia 2018,Senegal,19,FW,M'Baye Niang,1994-12-19,7,0,Torino
Russia 2018,Senegal,20,FW,Keita Baldé,1995-03-08,19,3,Monaco
Russia 2018,Senegal,21,DF,Lamine Gassama,1989-10-20,36,0,Alanyaspor
Russia 2018,Senegal,22,DF,Moussa Wagué,1998-10-04,10,0,Eupen
Russia 2018,Senegal,23,GK,Alfred Gomis,1993-09-05,1,0,SPAL
