Tournament,Country,Player_number,Player_position,Player,Captain,Date_of_Birth,Caps,Age,Goals,Club
Russia 2018,Egypt,1,Goalkeeper,Essam El Hadary ,Yes,1/15/1973,158,45,0,Al Taawoun
Russia 2018,Egypt,2,Defender,Ali Gabr,No,1/1/1989,21,29,1,West Bromwich Albion
Russia 2018,Egypt,3,Defender,Ahmed Elmohamady,No,9/9/1987,78,31,2,Aston Villa
Russia 2018,Egypt,4,Midfielder,Omar Gaber,No,1/30/1992,24,26,0,Los Angeles FC
Russia 2018,Egypt,5,Midfielder,Sam Morsy,No,9/10/1991,5,27,0,Wigan Athletic
Russia 2018,Egypt,6,Defender,Ahmed Hegazi,No,1/25/1991,45,27,1,West Bromwich Albion
Russia 2018,Egypt,7,Defender,Ahmed Fathy,No,11/10/1984,126,34,3,Al Ahly
Russia 2018,Egypt,8,Midfielder,Tarek Hamed,No,10/24/1988,21,30,0,Zamalek
Russia 2018,Egypt,9,Forward,Marwan Mohsen,No,2/26/1989,24,29,4,Al Ahly
Russia 2018,Egypt,10,Forward,Mohamed Salah,No,6/15/1992,57,26,33,Liverpool
Russia 2018,Egypt,11,Forward,Kahraba,No,4/13/1994,19,24,3,Al-Ittihad
Russia 2018,Egypt,12,Defender,Ayman Ashraf,No,4/9/1991,4,27,0,Al Ahly
Russia 2018,Egypt,13,Defender,Mohamed Abdel Shafy,No,7/1/1985,51,33,1,Al Fateh
Russia 2018,Egypt,14,Forward,Ramadan Sobhi,No,1/23/1997,23,21,1,Stoke City
Russia 2018,Egypt,15,Defender,Mahmoud Hamdy,No,6/1/1995,0,23,0,Zamalek
Russia 2018,Egypt,16,Goalkeeper,Sherif Ekramy,No,7/10/1983,22,35,0,Al Ahly
Russia 2018,Egypt,17,Midfielder,Mohamed Elneny,No,7/11/1992,61,26,5,Arsenal
Russia 2018,Egypt,18,Forward,Shikabala,No,3/5/1986,29,32,2,Al Raed
Russia 2018,Egypt,19,Midfielder,Abdallah El Said,No,7/13/1985,36,33,6,KuPS
Russia 2018,Egypt,20,Defender,Saad Samir,No,4/1/1989,11,29,0,Al Ahly
Russia 2018,Egypt,21,Midfielder,Trézéguet,No,10/1/1994,24,24,2,Kasımpaşa
Russia 2018,Egypt,22,Forward,Amr Warda,No,9/17/1993,16,25,0,Atromitos
Russia 2018,Egypt,23,Goalkeeper,Mohamed El Shenawy,No,12/18/1988,3,30,0,Al Ahly
Russia 2018,Russia,1,Goalkeeper,Igor Akinfeev ,Yes,4/8/1986,106,32,0,CSKA Moscow
Russia 2018,Russia,2,Defender,Mário Fernandes,No,9/19/1990,5,28,0,CSKA Moscow
Russia 2018,Russia,3,Defender,Ilya Kutepov,No,7/29/1993,7,25,0,Spartak Moscow
Russia 2018,Russia,4,Defender,Sergei Ignashevich,No,7/14/1979,122,39,8,CSKA Moscow
Russia 2018,Russia,5,Defender,Andrei Semyonov,No,3/24/1989,6,29,0,Akhmat Grozny
Russia 2018,Russia,6,Midfielder,Denis Cheryshev,No,12/26/1990,11,28,0,Villarreal
Russia 2018,Russia,7,Midfielder,Daler Kuzyayev,No,1/15/1993,6,25,0,Zenit Saint Petersburg
Russia 2018,Russia,8,Midfielder,Yury Gazinsky,No,7/20/1989,6,29,0,Krasnodar
Russia 2018,Russia,9,Midfielder,Alan Dzagoev,No,6/17/1990,57,28,9,CSKA Moscow
Russia 2018,Russia,10,Forward,Fyodor Smolov,No,2/9/1990,32,28,12,Krasnodar
Russia 2018,Russia,11,Midfielder,Roman Zobnin,No,2/11/1994,12,24,0,Spartak Moscow
Russia 2018,Russia,12,Goalkeeper,Andrey Lunyov,No,11/13/1991,3,27,0,Zenit Saint Petersburg
Russia 2018,Russia,13,Defender,Fyodor Kudryashov,No,4/5/1987,19,31,0,Rubin Kazan
Russia 2018,Russia,14,Defender,Vladimir Granat,No,5/22/1987,12,31,1,Rubin Kazan
Russia 2018,Russia,15,Midfielder,Aleksei Miranchuk,No,10/17/1995,18,23,4,Lokomotiv Moscow
Russia 2018,Russia,16,Midfielder,Anton Miranchuk,No,10/17/1995,6,23,0,Lokomotiv Moscow
Russia 2018,Russia,17,Midfielder,Aleksandr Golovin,No,5/30/1996,19,22,2,CSKA Moscow
Russia 2018,Russia,18,Midfielder,Yuri Zhirkov,No,8/20/1983,84,35,2,Zenit Saint Petersburg
Russia 2018,Russia,19,Midfielder,Aleksandr Samedov,No,7/19/1984,48,34,7,Spartak Moscow
Russia 2018,Russia,20,Goalkeeper,Vladimir Gabulov,No,10/19/1983,10,35,0,Club Brugge
Russia 2018,Russia,21,Midfielder,Aleksandr Yerokhin,No,10/13/1989,17,29,0,Zenit Saint Petersburg
Russia 2018,Russia,22,Forward,Artem Dzyuba,No,8/22/1988,23,30,11,Arsenal Tula
Russia 2018,Russia,23,Defender,Igor Smolnikov,No,8/8/1988,27,30,0,Zenit Saint Petersburg
Russia 2018,Saudi Arabia,1,Goalkeeper,Abdullah Al-Mayouf ,Yes,1/23/1987,11,31,0,Al Hilal
Russia 2018,Saudi Arabia,2,Defender,Mansoor Al-Harbi,No,10/19/1987,40,31,1,Al Ahli
Russia 2018,Saudi Arabia,3,Defender,Osama Hawsawi,No,3/31/1984,135,34,7,Al Hilal
Russia 2018,Saudi Arabia,4,Defender,Ali Al-Bulaihi,No,11/21/1989,4,29,0,Al Hilal
Russia 2018,Saudi Arabia,5,Defender,Omar Hawsawi,No,9/27/1985,42,33,3,Al Nassr
Russia 2018,Saudi Arabia,6,Defender,Mohammed Al-Breik,No,9/15/1992,11,26,1,Al Hilal
Russia 2018,Saudi Arabia,7,Midfielder,Salman Al-Faraj,No,8/1/1989,43,29,3,Al Hilal
Russia 2018,Saudi Arabia,8,Midfielder,Yahya Al-Shehri,No,6/26/1990,57,28,8,Leganés
Russia 2018,Saudi Arabia,9,Midfielder,Hattan Bahebri,No,7/16/1992,5,26,0,Al Shabab
Russia 2018,Saudi Arabia,10,Forward,Mohammad Al-Sahlawi,No,1/10/1987,40,31,28,Al Nassr
Russia 2018,Saudi Arabia,11,Midfielder,Abdulmalek Al-Khaibri,No,3/13/1986,36,32,0,Al Hilal
Russia 2018,Saudi Arabia,12,Midfielder,Mohamed Kanno,No,9/22/1994,6,24,1,Al Hilal
Russia 2018,Saudi Arabia,13,Defender,Yasser Al-Shahrani,No,5/25/1992,37,26,0,Al Hilal
Russia 2018,Saudi Arabia,14,Midfielder,Abdullah Otayf,No,8/3/1992,16,26,1,Al Hilal
Russia 2018,Saudi Arabia,15,Midfielder,Abdullah Al-Khaibari,No,8/16/1996,5,22,0,Al Shabab
Russia 2018,Saudi Arabia,16,Midfielder,Housain Al-Mogahwi,No,3/24/1988,18,30,1,Al Ahli
Russia 2018,Saudi Arabia,17,Midfielder,Taisir Al-Jassim,No,7/25/1984,132,34,19,Al Ahli
Russia 2018,Saudi Arabia,18,Midfielder,Salem Al-Dawsari,No,8/19/1991,33,27,4,Villarreal
Russia 2018,Saudi Arabia,19,Forward,Fahad Al-Muwallad,No,9/14/1994,45,24,10,Levante
Russia 2018,Saudi Arabia,20,Forward,Muhannad Assiri,No,10/14/1986,18,32,4,Al Ahli
Russia 2018,Saudi Arabia,21,Goalkeeper,Yasser Al-Mosailem,No,2/27/1984,32,34,0,Al Ahli
Russia 2018,Saudi Arabia,22,Goalkeeper,Mohammed Al-Owais,No,10/10/1991,6,27,0,Al Ahli
Russia 2018,Saudi Arabia,23,Defender,Motaz Hawsawi,No,2/17/1992,17,26,0,Al Ahli
Russia 2018,Uruguay,1,Goalkeeper,Fernando Muslera,No,6/16/1986,97,32,0,Galatasaray
Russia 2018,Uruguay,2,Defender,José Giménez,No,1/20/1995,42,23,5,Atlético Madrid
Russia 2018,Uruguay,3,Defender,Diego Godín ,Yes,2/16/1986,116,32,8,Atlético Madrid
Russia 2018,Uruguay,4,Defender,Guillermo Varela,No,3/24/1993,3,25,0,Peñarol
Russia 2018,Uruguay,5,Midfielder,Carlos Sánchez,No,12/2/1984,36,34,1,Monterrey
Russia 2018,Uruguay,6,Midfielder,Rodrigo Bentancur,No,6/25/1997,7,21,0,Juventus
Russia 2018,Uruguay,7,Midfielder,Cristian Rodríguez,No,9/30/1985,105,33,11,Peñarol
Russia 2018,Uruguay,8,Midfielder,Nahitan Nández,No,12/28/1995,12,23,0,Boca Juniors
Russia 2018,Uruguay,9,Forward,Luis Suárez,No,1/24/1987,98,31,51,Barcelona
Russia 2018,Uruguay,10,Forward,Giorgian De Arrascaeta,No,6/1/1994,14,24,2,Cruzeiro
Russia 2018,Uruguay,11,Forward,Cristhian Stuani,No,10/12/1986,41,32,5,Girona
Russia 2018,Uruguay,12,Goalkeeper,Martín Campaña,No,5/29/1989,1,29,0,Independiente
Russia 2018,Uruguay,13,Defender,Gastón Silva,No,3/5/1994,17,24,0,Independiente
Russia 2018,Uruguay,14,Midfielder,Lucas Torreira,No,2/11/1996,3,22,0,Sampdoria
Russia 2018,Uruguay,15,Midfielder,Matías Vecino,No,8/24/1991,22,27,1,Inter Milan
Russia 2018,Uruguay,16,Defender,Maxi Pereira,No,6/8/1984,125,34,3,Porto
Russia 2018,Uruguay,17,Midfielder,Diego Laxalt,No,2/7/1993,6,25,0,Genoa
Russia 2018,Uruguay,18,Forward,Maxi Gómez,No,8/14/1996,5,22,0,Celta Vigo
Russia 2018,Uruguay,19,Defender,Sebastián Coates,No,10/7/1990,30,28,1,Sporting CP
Russia 2018,Uruguay,20,Forward,Jonathan Urretaviscaya,No,3/19/1990,4,28,0,Monterrey
Russia 2018,Uruguay,21,Forward,Edinson Cavani,No,2/14/1987,101,31,42,Paris Saint-Germain
Russia 2018,Uruguay,22,Defender,Martín Cáceres,No,4/7/1987,76,31,4,Lazio
Russia 2018,Uruguay,23,Goalkeeper,Martín Silva,No,3/25/1983,11,35,0,Vasco da Gama
Russia 2018,Iran,1,Goalkeeper,Alireza Beiranvand,No,9/21/1992,22,26,0,Persepolis
Russia 2018,Iran,2,Midfielder,Mehdi Torabi,No,9/10/1994,17,24,4,Saipa
Russia 2018,Iran,3,Defender,Ehsan Hajsafi,No,2/25/1990,94,28,6,Olympiacos
Russia 2018,Iran,4,Defender,Rouzbeh Cheshmi,No,7/24/1993,10,25,1,Esteghlal
Russia 2018,Iran,5,Defender,Milad Mohammadi,No,9/29/1993,19,25,0,Akhmat Grozny
Russia 2018,Iran,6,Midfielder,Saeid Ezatolahi,No,10/1/1996,25,22,1,Amkar Perm
Russia 2018,Iran,7,Midfielder,Masoud Shojaei ,Yes,6/9/1984,74,34,8,AEK Athens
Russia 2018,Iran,8,Defender,Morteza Pouraliganji,No,4/19/1992,27,26,2,Al Sadd
Russia 2018,Iran,9,Midfielder,Omid Ebrahimi,No,9/16/1987,30,31,0,Esteghlal
Russia 2018,Iran,10,Forward,Karim Ansarifard,No,4/3/1990,64,28,17,Olympiacos
Russia 2018,Iran,11,Midfielder,Vahid Amiri,No,4/2/1988,36,30,1,Persepolis
Russia 2018,Iran,12,Goalkeeper,Mohammad Rashid Mazaheri,No,5/18/1989,3,29,0,Zob Ahan
Russia 2018,Iran,13,Defender,Mohammad Reza Khanzadeh,No,5/11/1991,11,27,1,Padideh
Russia 2018,Iran,14,Forward,Saman Ghoddos,No,9/6/1993,8,25,1,Östersund
Russia 2018,Iran,15,Defender,Pejman Montazeri,No,9/6/1983,46,35,1,Esteghlal
Russia 2018,Iran,16,Forward,Reza Ghoochannejhad,No,9/20/1987,43,31,17,Heerenveen
Russia 2018,Iran,17,Forward,Mehdi Taremi,No,7/18/1992,26,26,11,Al-Gharafa
Russia 2018,Iran,18,Forward,Alireza Jahanbakhsh,No,8/11/1993,38,25,4,AZ
Russia 2018,Iran,19,Defender,Majid Hosseini,No,6/20/1996,1,22,0,Esteghlal
Russia 2018,Iran,20,Forward,Sardar Azmoun,No,1/1/1995,33,23,23,Rubin Kazan
Russia 2018,Iran,21,Midfielder,Ashkan Dejagah,No,7/5/1986,46,32,9,Nottingham Forest
Russia 2018,Iran,22,Goalkeeper,Amir Abedzadeh,No,4/26/1993,1,25,0,Marítimo
Russia 2018,Iran,23,Defender,Ramin Rezaeian,No,3/21/1990,28,28,2,Oostende
Russia 2018,Morocco,1,Goalkeeper,Yassine Bounou,No,4/5/1991,11,27,0,Girona
Russia 2018,Morocco,2,Defender,Achraf Hakimi,No,11/4/1998,10,20,1,Real Madrid
Russia 2018,Morocco,3,Defender,Hamza Mendyl,No,10/21/1997,13,21,0,Lille
Russia 2018,Morocco,4,Defender,Manuel da Costa,No,5/6/1986,28,32,1,İstanbul Başakşehir
Russia 2018,Morocco,5,Defender,Medhi Benatia ,Yes,4/17/1987,57,31,2,Juventus
Russia 2018,Morocco,6,Defender,Romain Saïss,No,3/26/1990,24,28,1,Wolverhampton Wanderers
Russia 2018,Morocco,7,Midfielder,Hakim Ziyech,No,3/19/1993,18,25,9,Ajax
Russia 2018,Morocco,8,Midfielder,Karim El Ahmadi,No,1/27/1985,51,33,1,Feyenoord
Russia 2018,Morocco,9,Forward,Ayoub El Kaabi,No,6/25/1993,10,25,11,RS Berkane
Russia 2018,Morocco,10,Midfielder,Younès Belhanda,No,2/25/1990,47,28,5,Galatasaray
Russia 2018,Morocco,11,Midfielder,Fayçal Fajr,No,8/1/1988,23,30,2,Getafe
Russia 2018,Morocco,12,Goalkeeper,Munir Mohamedi,No,5/10/1989,27,29,0,Numancia
Russia 2018,Morocco,13,Forward,Khalid Boutaïb,No,4/24/1987,18,31,7,Yeni Malatyaspor
Russia 2018,Morocco,14,Midfielder,Mbark Boussoufa,No,8/15/1984,59,34,7,Al Jazira
Russia 2018,Morocco,15,Midfielder,Youssef Aït Bennasser,No,7/7/1996,14,22,0,Caen
Russia 2018,Morocco,16,Midfielder,Nordin Amrabat,No,3/31/1987,44,31,4,Leganés
Russia 2018,Morocco,17,Defender,Nabil Dirar,No,2/25/1986,34,32,3,Fenerbahçe
Russia 2018,Morocco,18,Midfielder,Amine Harit,No,6/18/1997,6,21,0,Schalke 04
Russia 2018,Morocco,19,Forward,Youssef En-Nesyri,No,6/1/1997,16,21,2,Málaga
Russia 2018,Morocco,20,Forward,Aziz Bouhaddouz,No,3/30/1987,15,31,3,FC St. Pauli
Russia 2018,Morocco,21,Midfielder,Sofyan Amrabat,No,8/21/1996,6,22,0,Feyenoord
Russia 2018,Morocco,22,Goalkeeper,Ahmed Reda Tagnaouti,No,4/5/1996,2,22,0,IR Tanger
Russia 2018,Morocco,23,Midfielder,Mehdi Carcela,No,7/1/1989,20,29,1,Standard Liège
Russia 2018,Portugal,1,Goalkeeper,Rui Patrício,No,2/15/1988,69,30,0,Sporting CP
Russia 2018,Portugal,2,Defender,Bruno Alves,No,11/27/1981,96,37,11,Rangers
Russia 2018,Portugal,3,Defender,Pepe,No,2/26/1983,95,35,5,Beşiktaş
Russia 2018,Portugal,4,Midfielder,Manuel Fernandes,No,2/5/1986,14,32,3,Lokomotiv Moscow
Russia 2018,Portugal,5,Defender,Raphaël Guerreiro,No,12/22/1993,24,25,2,Borussia Dortmund
Russia 2018,Portugal,6,Defender,José Fonte,No,12/22/1983,31,35,0,Dalian Yifang
Russia 2018,Portugal,7,Forward,Cristiano Ronaldo ,Yes,2/5/1985,150,33,81,Real Madrid
Russia 2018,Portugal,8,Midfielder,João Moutinho,No,9/8/1986,110,32,7,Monaco
Russia 2018,Portugal,9,Forward,André Silva,No,11/6/1995,23,23,12,Milan
Russia 2018,Portugal,10,Midfielder,João Mário,No,1/19/1993,36,25,2,West Ham United
Russia 2018,Portugal,11,Midfielder,Bernardo Silva,No,8/10/1994,25,24,2,Manchester City
Russia 2018,Portugal,12,Goalkeeper,Anthony Lopes,No,10/1/1990,7,28,0,Lyon
Russia 2018,Portugal,13,Defender,Rúben Dias,No,5/14/1997,1,21,0,Benfica
Russia 2018,Portugal,14,Midfielder,William Carvalho,No,4/7/1992,43,26,2,Sporting CP
Russia 2018,Portugal,15,Defender,Ricardo Pereira,No,10/6/1993,4,25,0,Porto
Russia 2018,Portugal,16,Midfielder,Bruno Fernandes,No,9/8/1994,6,24,1,Sporting CP
Russia 2018,Portugal,17,Forward,Gonçalo Guedes,No,11/29/1996,10,22,3,Valencia
Russia 2018,Portugal,18,Forward,Gelson Martins,No,5/11/1995,18,23,0,Sporting CP
Russia 2018,Portugal,19,Defender,Mário Rui,No,5/27/1991,4,27,0,Napoli
Russia 2018,Portugal,20,Forward,Ricardo Quaresma,No,9/26/1983,77,35,9,Beşiktaş
Russia 2018,Portugal,21,Defender,Cédric,No,8/31/1991,29,27,1,Southampton
Russia 2018,Portugal,22,Goalkeeper,Beto,No,5/1/1982,14,36,0,Göztepe
Russia 2018,Portugal,23,Midfielder,Adrien Silva,No,3/15/1989,23,29,1,Leicester City
Russia 2018,Spain,1,Goalkeeper,David de Gea,No,11/7/1990,29,28,0,Manchester United
Russia 2018,Spain,2,Defender,Dani Carvajal,No,1/11/1992,15,26,0,Real Madrid
Russia 2018,Spain,3,Defender,Gerard Piqué,No,2/2/1987,98,31,5,Barcelona
Russia 2018,Spain,4,Defender,Nacho,No,1/18/1990,17,28,0,Real Madrid
Russia 2018,Spain,5,Midfielder,Sergio Busquets,No,7/16/1988,103,30,2,Barcelona
Russia 2018,Spain,6,Midfielder,Andrés Iniesta,No,5/11/1984,127,34,14,Barcelona
Russia 2018,Spain,7,Midfielder,Saúl,No,11/21/1994,10,24,0,Atlético Madrid
Russia 2018,Spain,8,Midfielder,Koke,No,1/8/1992,40,26,0,Atlético Madrid
Russia 2018,Spain,9,Forward,Rodrigo,No,3/6/1991,6,27,2,Valencia
Russia 2018,Spain,10,Midfielder,Thiago,No,4/11/1991,29,27,2,Bayern Munich
Russia 2018,Spain,11,Forward,Lucas Vázquez,No,7/1/1991,7,27,0,Real Madrid
Russia 2018,Spain,12,Defender,Álvaro Odriozola,No,12/14/1995,4,23,1,Real Sociedad
Russia 2018,Spain,13,Goalkeeper,Kepa Arrizabalaga,No,10/3/1994,1,24,0,Athletic Bilbao
Russia 2018,Spain,14,Defender,César Azpilicueta,No,8/28/1989,22,29,0,Chelsea
Russia 2018,Spain,15,Defender,Sergio Ramos ,Yes,3/30/1986,152,32,13,Real Madrid
Russia 2018,Spain,16,Defender,Nacho Monreal,No,2/26/1986,22,32,1,Arsenal
Russia 2018,Spain,17,Forward,Iago Aspas,No,8/1/1987,10,31,5,Celta Vigo
Russia 2018,Spain,18,Defender,Jordi Alba,No,3/21/1989,62,29,8,Barcelona
Russia 2018,Spain,19,Forward,Diego Costa,No,10/7/1988,20,30,7,Atlético Madrid
Russia 2018,Spain,20,Midfielder,Marco Asensio,No,1/21/1996,12,22,0,Real Madrid
Russia 2018,Spain,21,Forward,David Silva,No,1/8/1986,121,32,35,Manchester City
Russia 2018,Spain,22,Midfielder,Isco,No,4/21/1992,28,26,10,Real Madrid
Russia 2018,Spain,23,Goalkeeper,Pepe Reina,No,8/31/1982,36,36,0,Napoli
Russia 2018,Australia,1,Goalkeeper,Mathew Ryan,No,4/8/1992,44,26,0,Brighton & Hove Albion
Russia 2018,Australia,2,Defender,Miloš Degenek,No,4/28/1994,18,24,0,Yokohama F. Marinos
Russia 2018,Australia,3,Defender,James Meredith,No,4/5/1988,2,30,0,Millwall
Russia 2018,Australia,4,Forward,Tim Cahill,No,12/6/1979,106,39,50,Millwall
Russia 2018,Australia,5,Defender,Mark Milligan,No,8/4/1985,71,33,6,Al Ahli
Russia 2018,Australia,6,Defender,Matthew Jurman,No,12/8/1989,4,29,0,Suwon Samsung Bluewings
Russia 2018,Australia,7,Forward,Mathew Leckie,No,2/4/1991,53,27,8,Hertha BSC
Russia 2018,Australia,8,Midfielder,Massimo Luongo,No,9/25/1992,36,26,5,Queens Park Rangers
Russia 2018,Australia,9,Forward,Tomi Juric,No,7/22/1991,35,27,8,Luzern
Russia 2018,Australia,10,Forward,Robbie Kruse,No,10/5/1988,64,30,5,VfL Bochum
Russia 2018,Australia,11,Forward,Andrew Nabbout,No,12/17/1992,4,26,1,Urawa Red Diamonds
Russia 2018,Australia,12,Goalkeeper,Brad Jones,No,3/19/1982,6,36,0,Feyenoord
Russia 2018,Australia,13,Midfielder,Aaron Mooy,No,9/15/1990,34,28,5,Huddersfield Town
Russia 2018,Australia,14,Forward,Jamie Maclaren,No,7/29/1993,6,25,0,Hibernian
Russia 2018,Australia,15,Midfielder,Mile Jedinak ,Yes,8/3/1984,76,34,18,Aston Villa
Russia 2018,Australia,16,Defender,Aziz Behich,No,12/16/1990,23,28,2,Bursaspor
Russia 2018,Australia,17,Forward,Daniel Arzani,No,1/4/1999,2,19,1,Melbourne City
Russia 2018,Australia,18,Goalkeeper,Danny Vukovic,No,3/27/1985,1,33,0,Genk
Russia 2018,Australia,19,Defender,Josh Risdon,No,7/27/1992,8,26,0,Western Sydney Wanderers
Russia 2018,Australia,20,Defender,Trent Sainsbury,No,1/5/1992,35,26,3,Grasshopper
Russia 2018,Australia,21,Forward,Dimitri Petratos,No,11/10/1992,2,26,0,Newcastle Jets
Russia 2018,Australia,22,Midfielder,Jackson Irvine,No,3/7/1993,19,25,2,Hull City
Russia 2018,Australia,23,Midfielder,Tom Rogic,No,12/16/1992,37,26,7,Celtic
Russia 2018,Denmark,1,Goalkeeper,Kasper Schmeichel,No,11/5/1986,35,32,0,Leicester City
Russia 2018,Denmark,2,Midfielder,Michael Krohn-Dehli,No,6/6/1983,59,35,6,Deportivo La Coruña
Russia 2018,Denmark,3,Defender,Jannik Vestergaard,No,8/3/1992,16,26,1,Borussia Mönchengladbach
Russia 2018,Denmark,4,Defender,Simon Kjær ,Yes,3/26/1989,78,29,3,Sevilla
Russia 2018,Denmark,5,Defender,Jonas Knudsen,No,9/16/1992,3,26,0,Ipswich Town
Russia 2018,Denmark,6,Defender,Andreas Christensen,No,4/10/1996,16,22,1,Chelsea
Russia 2018,Denmark,7,Midfielder,William Kvist,No,2/24/1985,80,33,2,Copenhagen
Russia 2018,Denmark,8,Midfielder,Thomas Delaney,No,9/3/1991,27,27,4,Werder Bremen
Russia 2018,Denmark,9,Forward,Nicolai Jørgensen,No,1/15/1991,31,27,8,Feyenoord
Russia 2018,Denmark,10,Midfielder,Christian Eriksen,No,2/14/1992,78,26,22,Tottenham Hotspur
Russia 2018,Denmark,11,Forward,Martin Braithwaite,No,6/5/1991,20,27,1,Bordeaux
Russia 2018,Denmark,12,Forward,Kasper Dolberg,No,10/6/1997,6,21,1,Ajax
Russia 2018,Denmark,13,Defender,Mathias Jørgensen,No,4/23/1990,12,28,0,Huddersfield Town
Russia 2018,Denmark,14,Defender,Henrik Dalsgaard,No,7/27/1989,11,29,0,Brentford
Russia 2018,Denmark,15,Forward,Viktor Fischer,No,6/9/1994,19,24,3,Copenhagen
Russia 2018,Denmark,16,Goalkeeper,Jonas Lössl,No,2/1/1989,1,29,0,Huddersfield Town
Russia 2018,Denmark,17,Defender,Jens Stryger Larsen,No,2/21/1991,13,27,1,Udinese
Russia 2018,Denmark,18,Midfielder,Lukas Lerager,No,7/12/1993,4,25,0,Bordeaux
Russia 2018,Denmark,19,Midfielder,Lasse Schöne,No,5/27/1986,36,32,3,Ajax
Russia 2018,Denmark,20,Forward,Yussuf Poulsen,No,6/15/1994,28,24,4,RB Leipzig
Russia 2018,Denmark,21,Forward,Andreas Cornelius,No,3/16/1993,18,25,4,Atalanta
Russia 2018,Denmark,22,Goalkeeper,Frederik Rønnow,No,8/4/1992,6,26,0,Brøndby
Russia 2018,Denmark,23,Forward,Pione Sisto,No,2/4/1995,14,23,1,Celta Vigo
Russia 2018,France,1,Goalkeeper,Hugo Lloris ,Yes,12/26/1986,98,32,0,Tottenham Hotspur
Russia 2018,France,2,Defender,Benjamin Pavard,No,3/28/1996,6,22,0,VfB Stuttgart
Russia 2018,France,3,Defender,Presnel Kimpembe,No,8/13/1995,2,23,0,Paris Saint-Germain
Russia 2018,France,4,Defender,Raphaël Varane,No,4/25/1993,42,25,2,Real Madrid
Russia 2018,France,5,Defender,Samuel Umtiti,No,11/14/1993,19,25,2,Barcelona
Russia 2018,France,6,Midfielder,Paul Pogba,No,3/15/1993,54,25,9,Manchester United
Russia 2018,France,7,Forward,Antoine Griezmann,No,3/21/1991,54,27,20,Atlético Madrid
Russia 2018,France,8,Forward,Thomas Lemar,No,11/12/1995,12,23,3,Monaco
Russia 2018,France,9,Forward,Olivier Giroud,No,9/30/1986,74,32,31,Chelsea
Russia 2018,France,10,Forward,Kylian Mbappé,No,12/20/1998,15,20,4,Paris Saint-Germain
Russia 2018,France,11,Forward,Ousmane Dembélé,No,5/15/1997,12,21,2,Barcelona
Russia 2018,France,12,Midfielder,Corentin Tolisso,No,8/3/1994,9,24,0,Bayern Munich
Russia 2018,France,13,Midfielder,N'Golo Kanté,No,3/29/1991,24,27,1,Chelsea
Russia 2018,France,14,Midfielder,Blaise Matuidi,No,4/9/1987,67,31,9,Juventus
Russia 2018,France,15,Midfielder,Steven Nzonzi,No,12/15/1988,4,30,0,Sevilla
Russia 2018,France,16,Goalkeeper,Steve Mandanda,No,3/28/1985,27,33,0,Marseille
Russia 2018,France,17,Defender,Adil Rami,No,12/27/1985,35,33,1,Marseille
Russia 2018,France,18,Forward,Nabil Fekir,No,7/18/1993,12,25,2,Lyon
Russia 2018,France,19,Defender,Djibril Sidibé,No,7/29/1992,17,26,1,Monaco
Russia 2018,France,20,Forward,Florian Thauvin,No,1/26/1993,4,25,0,Marseille
Russia 2018,France,21,Defender,Lucas Hernandez,No,2/14/1996,5,22,0,Atlético Madrid
Russia 2018,France,22,Defender,Benjamin Mendy,No,7/17/1994,7,24,0,Manchester City
Russia 2018,France,23,Goalkeeper,Alphonse Areola,No,2/27/1993,0,25,0,Paris Saint-Germain
Russia 2018,Peru,1,Goalkeeper,Pedro Gallese,No,2/23/1990,38,28,0,Veracruz
Russia 2018,Peru,2,Defender,Alberto Rodríguez,No,3/31/1984,74,34,0,Atlético Junior
Russia 2018,Peru,3,Defender,Aldo Corzo,No,5/20/1989,26,29,0,Universitario
Russia 2018,Peru,4,Defender,Anderson Santamaría,No,1/10/1992,4,26,0,Puebla
Russia 2018,Peru,5,Defender,Miguel Araujo,No,10/24/1994,8,24,0,Alianza Lima
Russia 2018,Peru,6,Defender,Miguel Trauco,No,8/25/1992,27,26,0,Flamengo
Russia 2018,Peru,7,Midfielder,Paolo Hurtado,No,7/27/1990,33,28,3,Vitória de Guimarães
Russia 2018,Peru,8,Midfielder,Christian Cueva,No,11/23/1991,46,27,8,São Paulo
Russia 2018,Peru,9,Forward,Paolo Guerrero ,Yes,1/1/1984,88,34,34,Flamengo
Russia 2018,Peru,10,Forward,Jefferson Farfán,No,10/26/1984,84,34,25,Lokomotiv Moscow
Russia 2018,Peru,11,Forward,Raúl Ruidíaz,No,7/25/1990,30,28,4,Morelia
Russia 2018,Peru,12,Goalkeeper,Carlos Cáceda,No,9/27/1991,6,27,0,Deportivo Municipal
Russia 2018,Peru,13,Midfielder,Renato Tapia,No,7/28/1995,33,23,3,Feyenoord
Russia 2018,Peru,14,Midfielder,Andy Polo,No,9/29/1994,17,24,1,Portland Timbers
Russia 2018,Peru,15,Defender,Christian Ramos,No,11/4/1988,68,30,3,Veracruz
Russia 2018,Peru,16,Midfielder,Wilder Cartagena,No,9/23/1994,3,24,0,Veracruz
Russia 2018,Peru,17,Defender,Luis Advíncula,No,3/2/1990,67,28,0,Lobos BUAP
Russia 2018,Peru,18,Forward,André Carrillo,No,6/14/1991,46,27,5,Watford
Russia 2018,Peru,19,Midfielder,Yoshimar Yotún,No,4/7/1990,74,28,2,Orlando City
Russia 2018,Peru,20,Forward,Edison Flores,No,5/14/1994,30,24,9,AaB
Russia 2018,Peru,21,Goalkeeper,José Carvallo,No,3/1/1986,6,32,0,UTC
Russia 2018,Peru,22,Defender,Nilson Loyola,No,10/26/1994,3,24,0,Melgar
Russia 2018,Peru,23,Midfielder,Pedro Aquino,No,4/13/1995,14,23,0,Lobos BUAP
Russia 2018,Argentina,1,Goalkeeper,Nahuel Guzmán,No,2/10/1986,6,32,0,UANL
Russia 2018,Argentina,2,Defender,Gabriel Mercado,No,3/18/1987,20,31,3,Sevilla
Russia 2018,Argentina,3,Defender,Nicolás Tagliafico,No,8/31/1992,4,26,0,Ajax
Russia 2018,Argentina,4,Defender,Cristian Ansaldi,No,9/20/1986,5,32,0,Torino
Russia 2018,Argentina,5,Midfielder,Lucas Biglia,No,1/30/1986,57,32,1,Milan
Russia 2018,Argentina,6,Defender,Federico Fazio,No,3/17/1987,9,31,1,Roma
Russia 2018,Argentina,7,Midfielder,Éver Banega,No,6/29/1988,62,30,6,Sevilla
Russia 2018,Argentina,8,Defender,Marcos Acuña,No,10/28/1991,10,27,0,Sporting CP
Russia 2018,Argentina,9,Forward,Gonzalo Higuaín,No,12/10/1987,71,31,31,Juventus
Russia 2018,Argentina,10,Forward,Lionel Messi ,Yes,6/24/1987,124,31,64,Barcelona
Russia 2018,Argentina,11,Midfielder,Ángel Di María,No,2/14/1988,94,30,19,Paris Saint-Germain
Russia 2018,Argentina,12,Goalkeeper,Franco Armani,No,10/16/1986,0,32,0,River Plate
Russia 2018,Argentina,13,Midfielder,Maximiliano Meza,No,12/15/1992,2,26,0,Independiente
Russia 2018,Argentina,14,Defender,Javier Mascherano,No,6/8/1984,143,34,3,Hebei China Fortune
Russia 2018,Argentina,15,Midfielder,Enzo Pérez,No,2/22/1986,23,32,1,River Plate
Russia 2018,Argentina,16,Defender,Marcos Rojo,No,3/20/1990,56,28,2,Manchester United
Russia 2018,Argentina,17,Defender,Nicolás Otamendi,No,2/12/1988,54,30,4,Manchester City
Russia 2018,Argentina,18,Defender,Eduardo Salvio,No,7/13/1990,9,28,0,Benfica
Russia 2018,Argentina,19,Forward,Sergio Agüero,No,6/2/1988,85,30,37,Manchester City
Russia 2018,Argentina,20,Midfielder,Giovani Lo Celso,No,4/9/1996,5,22,0,Paris Saint-Germain
Russia 2018,Argentina,21,Forward,Paulo Dybala,No,11/15/1993,12,25,0,Juventus
Russia 2018,Argentina,22,Midfielder,Cristian Pavón,No,1/21/1996,5,22,0,Boca Juniors
Russia 2018,Argentina,23,Goalkeeper,Willy Caballero,No,9/28/1981,3,37,0,Chelsea
Russia 2018,Croatia,1,Goalkeeper,Dominik Livaković,No,1/9/1995,1,23,0,Dinamo Zagreb
Russia 2018,Croatia,2,Defender,Šime Vrsaljko,No,1/10/1992,35,26,0,Atlético Madrid
Russia 2018,Croatia,3,Defender,Ivan Strinić,No,7/17/1987,43,31,0,Sampdoria
Russia 2018,Croatia,4,Forward,Ivan Perišić,No,2/2/1989,66,29,18,Inter Milan
Russia 2018,Croatia,5,Defender,Vedran Ćorluka,No,2/5/1986,99,32,4,Lokomotiv Moscow
Russia 2018,Croatia,6,Defender,Dejan Lovren,No,7/5/1989,39,29,2,Liverpool
Russia 2018,Croatia,7,Midfielder,Ivan Rakitić,No,3/10/1988,92,30,14,Barcelona
Russia 2018,Croatia,8,Midfielder,Mateo Kovačić,No,5/6/1994,41,24,1,Real Madrid
Russia 2018,Croatia,9,Forward,Andrej Kramarić,No,6/19/1991,31,27,9,1899 Hoffenheim
Russia 2018,Croatia,10,Midfielder,Luka Modrić ,Yes,9/9/1985,106,33,12,Real Madrid
Russia 2018,Croatia,11,Midfielder,Marcelo Brozović,No,11/16/1992,35,26,6,Inter Milan
Russia 2018,Croatia,12,Goalkeeper,Lovre Kalinić,No,4/3/1990,11,28,0,Gent
Russia 2018,Croatia,13,Defender,Tin Jedvaj,No,11/28/1995,12,23,0,Bayer Leverkusen
Russia 2018,Croatia,14,Midfielder,Filip Bradarić,No,1/11/1992,4,26,0,Rijeka
Russia 2018,Croatia,15,Defender,Duje Ćaleta-Car,No,9/17/1996,1,22,0,Red Bull Salzburg
Russia 2018,Croatia,16,Forward,Nikola Kalinić[note 2],No,1/5/1988,42,30,15,Milan
Russia 2018,Croatia,17,Forward,Mario Mandžukić,No,5/21/1986,83,32,30,Juventus
Russia 2018,Croatia,18,Forward,Ante Rebić,No,9/21/1993,16,25,1,Eintracht Frankfurt
Russia 2018,Croatia,19,Midfielder,Milan Badelj,No,2/25/1989,38,29,1,Fiorentina
Russia 2018,Croatia,20,Forward,Marko Pjaca,No,5/6/1995,16,23,1,Schalke 04
Russia 2018,Croatia,21,Defender,Domagoj Vida,No,4/29/1989,59,29,2,Beşiktaş
Russia 2018,Croatia,22,Defender,Josip Pivarić,No,1/30/1989,19,29,0,Dynamo Kyiv
Russia 2018,Croatia,23,Goalkeeper,Danijel Subašić,No,10/27/1984,38,34,0,Monaco
Russia 2018,Iceland,1,Goalkeeper,Hannes Þór Halldórsson,No,4/27/1984,49,34,0,Randers
Russia 2018,Iceland,2,Defender,Birkir Már Sævarsson,No,11/11/1984,79,34,1,Valur
Russia 2018,Iceland,3,Midfielder,Samúel Friðjónsson,No,2/22/1996,4,22,0,Vålerenga
Russia 2018,Iceland,4,Midfielder,Albert Guðmundsson,No,6/15/1997,5,21,3,PSV Eindhoven
Russia 2018,Iceland,5,Defender,Sverrir Ingi Ingason,No,8/5/1993,20,25,3,Rostov
Russia 2018,Iceland,6,Defender,Ragnar Sigurðsson,No,6/19/1986,77,32,3,Rostov
Russia 2018,Iceland,7,Midfielder,Jóhann Berg Guðmundsson,No,10/27/1990,67,28,7,Burnley
Russia 2018,Iceland,8,Midfielder,Birkir Bjarnason,No,5/27/1988,67,30,9,Aston Villa
Russia 2018,Iceland,9,Forward,Björn Bergmann Sigurðarson,No,2/26/1991,12,27,1,Rostov
Russia 2018,Iceland,10,Midfielder,Gylfi Sigurðsson,No,9/8/1989,57,29,19,Everton
Russia 2018,Iceland,11,Forward,Alfreð Finnbogason,No,2/1/1989,47,29,13,FC Augsburg
Russia 2018,Iceland,12,Goalkeeper,Frederik Schram,No,1/19/1995,4,23,0,Roskilde
Russia 2018,Iceland,13,Goalkeeper,Rúnar Alex Rúnarsson,No,2/18/1995,3,23,0,Nordsjælland
Russia 2018,Iceland,14,Defender,Kári Árnason,No,10/13/1982,67,36,5,Aberdeen
Russia 2018,Iceland,15,Defender,Hólmar Örn Eyjólfsson,No,8/6/1990,10,28,1,Levski Sofia
Russia 2018,Iceland,16,Midfielder,Ólafur Ingi Skúlason,No,4/1/1983,36,35,1,Kardemir Karabükspor
Russia 2018,Iceland,17,Midfielder,Aron Gunnarsson ,Yes,4/22/1989,77,29,2,Cardiff City
Russia 2018,Iceland,18,Defender,Hörður Björgvin Magnússon,No,2/11/1993,16,25,2,Bristol City
Russia 2018,Iceland,19,Midfielder,Rúrik Gíslason,No,2/25/1988,47,30,3,SV Sandhausen
Russia 2018,Iceland,20,Midfielder,Emil Hallfreðsson,No,6/29/1984,64,34,1,Udinese
Russia 2018,Iceland,21,Midfielder,Arnór Ingvi Traustason,No,4/30/1993,19,25,5,Malmö FF
Russia 2018,Iceland,22,Forward,Jón Daði Böðvarsson,No,5/25/1992,38,26,2,Reading
Russia 2018,Iceland,23,Defender,Ari Freyr Skúlason,No,5/14/1987,56,31,0,Lokeren
Russia 2018,Nigeria,1,Goalkeeper,Ikechukwu Ezenwa,No,10/16/1988,24,30,0,Enyimba
Russia 2018,Nigeria,2,Defender,Brian Idowu,No,5/18/1992,5,26,1,Amkar Perm
Russia 2018,Nigeria,3,Defender,Elderson Echiéjilé,No,1/20/1988,62,30,3,Cercle Brugge
Russia 2018,Nigeria,4,Midfielder,Wilfred Ndidi,No,12/16/1996,17,22,0,Leicester City
Russia 2018,Nigeria,5,Defender,William Troost-Ekong,No,9/1/1993,22,25,1,Bursaspor
Russia 2018,Nigeria,6,Defender,Leon Balogun,No,6/28/1988,19,30,0,Mainz 05
Russia 2018,Nigeria,7,Forward,Ahmed Musa,No,10/14/1992,72,26,13,CSKA Moscow
Russia 2018,Nigeria,8,Midfielder,Peter Etebo,No,11/9/1995,14,23,1,Las Palmas
Russia 2018,Nigeria,9,Forward,Odion Ighalo,No,6/16/1989,19,29,4,Changchun Yatai
Russia 2018,Nigeria,10,Midfielder,John Obi Mikel ,Yes,4/22/1987,85,31,6,Tianjin TEDA
Russia 2018,Nigeria,11,Forward,Victor Moses,No,12/12/1990,34,28,11,Chelsea
Russia 2018,Nigeria,12,Defender,Shehu Abdullahi,No,3/12/1993,25,25,0,Bursaspor
Russia 2018,Nigeria,13,Forward,Simeon Nwankwo,No,5/7/1992,2,26,0,Crotone
Russia 2018,Nigeria,14,Forward,Kelechi Iheanacho,No,3/10/1996,18,22,8,Leicester City
Russia 2018,Nigeria,15,Midfielder,Joel Obi,No,5/22/1991,17,27,0,Torino
Russia 2018,Nigeria,16,Goalkeeper,Daniel Akpeyi,No,3/8/1986,7,32,0,Chippa United
Russia 2018,Nigeria,17,Midfielder,Ogenyi Onazi,No,12/25/1992,52,26,1,Trabzonspor
Russia 2018,Nigeria,18,Forward,Alex Iwobi,No,5/3/1996,19,22,5,Arsenal
Russia 2018,Nigeria,19,Midfielder,John Ogu,No,4/20/1988,20,30,2,Hapoel Be'er Sheva
Russia 2018,Nigeria,20,Defender,Chidozie Awaziem,No,1/1/1997,4,21,0,Nantes
Russia 2018,Nigeria,21,Defender,Tyronne Ebuehi,No,12/16/1995,7,23,0,ADO Den Haag
Russia 2018,Nigeria,22,Defender,Kenneth Omeruo,No,10/17/1993,39,25,0,Kasımpaşa
Russia 2018,Nigeria,23,Goalkeeper,Francis Uzoho,No,10/28/1998,6,20,0,Deportivo La Coruña
Russia 2018,Brazil,1,Goalkeeper,Alisson,No,10/2/1992,26,26,0,Roma
Russia 2018,Brazil,2,Defender,Thiago Silva,No,9/22/1984,71,34,5,Paris Saint-Germain
Russia 2018,Brazil,3,Defender,Miranda,No,9/7/1984,47,34,2,Inter Milan
Russia 2018,Brazil,4,Defender,Pedro Geromel,No,9/21/1985,2,33,0,Grêmio
Russia 2018,Brazil,5,Midfielder,Casemiro,No,2/23/1992,24,26,0,Real Madrid
Russia 2018,Brazil,6,Defender,Filipe Luís,No,8/9/1985,33,33,2,Atlético Madrid
Russia 2018,Brazil,7,Forward,Douglas Costa,No,9/14/1990,25,28,3,Juventus
Russia 2018,Brazil,8,Midfielder,Renato Augusto,No,2/8/1988,28,30,5,Beijing Sinobo Guoan
Russia 2018,Brazil,9,Forward,Gabriel Jesus,No,4/3/1997,17,21,10,Manchester City
Russia 2018,Brazil,10,Forward,Neymar,No,2/5/1992,85,26,55,Paris Saint-Germain
Russia 2018,Brazil,11,Midfielder,Philippe Coutinho,No,6/12/1992,37,26,10,Barcelona
Russia 2018,Brazil,12,Defender,Marcelo ,Yes,5/12/1988,54,30,6,Real Madrid
Russia 2018,Brazil,13,Defender,Marquinhos,No,5/14/1994,26,24,0,Paris Saint-Germain
Russia 2018,Brazil,14,Defender,Danilo,No,7/15/1991,18,27,0,Manchester City
Russia 2018,Brazil,15,Midfielder,Paulinho,No,7/25/1988,50,30,12,Barcelona
Russia 2018,Brazil,16,Goalkeeper,Cássio,No,6/6/1987,1,31,0,Corinthians
Russia 2018,Brazil,17,Midfielder,Fernandinho,No,5/4/1985,44,33,2,Manchester City
Russia 2018,Brazil,18,Midfielder,Fred,No,3/5/1993,8,25,0,Shakhtar Donetsk
Russia 2018,Brazil,19,Midfielder,Willian,No,8/9/1988,57,30,8,Chelsea
Russia 2018,Brazil,20,Forward,Roberto Firmino,No,10/2/1991,21,27,7,Liverpool
Russia 2018,Brazil,21,Forward,Taison,No,1/13/1988,8,30,1,Shakhtar Donetsk
Russia 2018,Brazil,22,Defender,Fagner,No,6/11/1989,4,29,0,Corinthians
Russia 2018,Brazil,23,Goalkeeper,Ederson,No,8/17/1993,1,25,0,Manchester City
Russia 2018,Costa Rica,1,Goalkeeper,Keylor Navas,No,12/15/1986,81,32,0,Real Madrid
Russia 2018,Costa Rica,2,Defender,Jhonny Acosta,No,7/21/1983,69,35,2,Águilas Doradas
Russia 2018,Costa Rica,3,Defender,Giancarlo González,No,2/8/1988,70,30,2,Bologna
Russia 2018,Costa Rica,4,Defender,Ian Smith,No,3/6/1998,4,20,0,Norrköping
Russia 2018,Costa Rica,5,Midfielder,Celso Borges,No,5/27/1988,113,30,21,Deportivo La Coruña
Russia 2018,Costa Rica,6,Defender,Óscar Duarte,No,6/3/1989,39,29,2,Espanyol
Russia 2018,Costa Rica,7,Midfielder,Christian Bolaños,No,5/17/1984,81,34,6,Saprissa
Russia 2018,Costa Rica,8,Defender,Bryan Oviedo,No,2/18/1990,44,28,1,Sunderland
Russia 2018,Costa Rica,9,Midfielder,Daniel Colindres,No,1/10/1985,11,33,0,Saprissa
Russia 2018,Costa Rica,10,Midfielder,Bryan Ruiz ,Yes,8/18/1985,110,33,24,Sporting CP
Russia 2018,Costa Rica,11,Forward,Johan Venegas,No,11/27/1988,47,30,10,Saprissa
Russia 2018,Costa Rica,12,Forward,Joel Campbell,No,6/26/1992,77,26,15,Real Betis
Russia 2018,Costa Rica,13,Midfielder,Rodney Wallace,No,6/17/1988,30,30,4,New York City FC
Russia 2018,Costa Rica,14,Midfielder,Randall Azofeifa,No,12/30/1984,58,34,3,Herediano
Russia 2018,Costa Rica,15,Defender,Francisco Calvo,No,7/8/1992,38,26,4,Minnesota United
Russia 2018,Costa Rica,16,Defender,Cristian Gamboa,No,10/24/1989,68,29,3,Celtic
Russia 2018,Costa Rica,17,Midfielder,Yeltsin Tejeda,No,3/17/1992,51,26,0,Lausanne
Russia 2018,Costa Rica,18,Goalkeeper,Patrick Pemberton,No,4/24/1982,39,36,0,Alajuelense
Russia 2018,Costa Rica,19,Defender,Kendall Waston,No,1/1/1988,26,30,3,Vancouver Whitecaps FC
Russia 2018,Costa Rica,20,Midfielder,David Guzmán,No,2/18/1990,43,28,0,Portland Timbers
Russia 2018,Costa Rica,21,Forward,Marco Ureña,No,3/5/1990,64,28,15,Los Angeles FC
Russia 2018,Costa Rica,22,Defender,Kenner Gutiérrez,No,6/9/1989,9,29,0,Alajuelense
Russia 2018,Costa Rica,23,Goalkeeper,Leonel Moreira,No,4/2/1990,9,28,0,Herediano
Russia 2018,Serbia,1,Goalkeeper,Vladimir Stojković,No,7/28/1983,81,35,0,Partizan
Russia 2018,Serbia,2,Defender,Antonio Rukavina,No,1/26/1984,47,34,0,Villarreal
Russia 2018,Serbia,3,Defender,Duško Tošić,No,1/19/1985,24,33,1,Beşiktaş
Russia 2018,Serbia,4,Midfielder,Luka Milivojević,No,4/7/1991,28,27,1,Crystal Palace
Russia 2018,Serbia,5,Defender,Uroš Spajić,No,2/13/1993,5,25,0,Anderlecht
Russia 2018,Serbia,6,Defender,Branislav Ivanović,No,2/22/1984,103,34,13,Zenit Saint Petersburg
Russia 2018,Serbia,7,Midfielder,Andrija Živković,No,7/11/1996,10,22,0,Benfica
Russia 2018,Serbia,8,Forward,Aleksandar Prijović,No,4/21/1990,9,28,1,PAOK
Russia 2018,Serbia,9,Forward,Aleksandar Mitrović,No,9/16/1994,37,24,16,Fulham
Russia 2018,Serbia,10,Midfielder,Dušan Tadić,No,11/20/1988,53,30,13,Southampton
Russia 2018,Serbia,11,Defender,Aleksandar Kolarov ,Yes,11/10/1985,76,33,10,Roma
Russia 2018,Serbia,12,Goalkeeper,Predrag Rajković,No,10/31/1995,8,23,0,Maccabi Tel Aviv
Russia 2018,Serbia,13,Defender,Miloš Veljković,No,9/26/1995,2,23,0,Werder Bremen
Russia 2018,Serbia,14,Defender,Milan Rodić,No,4/2/1991,1,27,0,Red Star Belgrade
Russia 2018,Serbia,15,Defender,Nikola Milenković,No,10/12/1997,3,21,0,Fiorentina
Russia 2018,Serbia,16,Midfielder,Marko Grujić,No,4/13/1996,8,22,0,Cardiff City
Russia 2018,Serbia,17,Midfielder,Filip Kostić,No,11/1/1992,23,26,2,Hamburger SV
Russia 2018,Serbia,18,Forward,Nemanja Radonjić,No,2/15/1996,3,22,0,Red Star Belgrade
Russia 2018,Serbia,19,Forward,Luka Jović,No,12/23/1997,1,21,0,Eintracht Frankfurt
Russia 2018,Serbia,20,Midfielder,Sergej Milinković-Savić,No,2/27/1995,4,23,0,Lazio
Russia 2018,Serbia,21,Midfielder,Nemanja Matić,No,8/1/1988,40,30,2,Manchester United
Russia 2018,Serbia,22,Midfielder,Adem Ljajić,No,9/29/1991,29,27,6,Torino
Russia 2018,Serbia,23,Goalkeeper,Marko Dmitrović,No,1/24/1992,2,26,0,Eibar
Russia 2018,Switzerland,1,Goalkeeper,Yann Sommer,No,12/17/1988,35,30,0,Borussia Mönchengladbach
Russia 2018,Switzerland,2,Defender,Stephan Lichtsteiner ,Yes,1/16/1984,100,34,8,Juventus
Russia 2018,Switzerland,3,Defender,François Moubandje,No,6/21/1990,18,28,0,Toulouse
Russia 2018,Switzerland,4,Defender,Nico Elvedi,No,9/30/1996,6,22,0,Borussia Mönchengladbach
Russia 2018,Switzerland,5,Defender,Manuel Akanji,No,7/19/1995,7,23,0,Borussia Dortmund
Russia 2018,Switzerland,6,Defender,Michael Lang,No,2/8/1991,24,27,2,Basel
Russia 2018,Switzerland,7,Forward,Breel Embolo,No,2/14/1997,25,21,3,Schalke 04
Russia 2018,Switzerland,8,Midfielder,Remo Freuler,No,4/15/1992,10,26,0,Atalanta
Russia 2018,Switzerland,9,Forward,Haris Seferovic,No,2/22/1992,51,26,12,Benfica
Russia 2018,Switzerland,10,Midfielder,Granit Xhaka,No,9/27/1992,62,26,9,Arsenal
Russia 2018,Switzerland,11,Midfielder,Valon Behrami,No,4/19/1985,79,33,2,Udinese
Russia 2018,Switzerland,12,Goalkeeper,Yvon Mvogo,No,6/6/1994,0,24,0,RB Leipzig
Russia 2018,Switzerland,13,Defender,Ricardo Rodríguez,No,8/25/1992,53,26,5,Milan
Russia 2018,Switzerland,14,Midfielder,Steven Zuber,No,8/17/1991,12,27,3,1899 Hoffenheim
Russia 2018,Switzerland,15,Midfielder,Blerim Džemaili,No,4/12/1986,65,32,9,Bologna
Russia 2018,Switzerland,16,Midfielder,Gelson Fernandes,No,9/2/1986,67,32,2,Eintracht Frankfurt
Russia 2018,Switzerland,17,Midfielder,Denis Zakaria,No,11/20/1996,10,22,0,Borussia Mönchengladbach
Russia 2018,Switzerland,18,Forward,Mario Gavranović,No,11/24/1989,14,29,5,Dinamo Zagreb
Russia 2018,Switzerland,19,Forward,Josip Drmić,No,8/8/1992,29,26,9,Borussia Mönchengladbach
Russia 2018,Switzerland,20,Defender,Johan Djourou,No,1/18/1987,74,31,2,Antalyaspor
Russia 2018,Switzerland,21,Goalkeeper,Roman Bürki,No,11/14/1990,9,28,0,Borussia Dortmund
Russia 2018,Switzerland,22,Defender,Fabian Schär,No,12/20/1991,39,27,7,Deportivo La Coruña
Russia 2018,Switzerland,23,Midfielder,Xherdan Shaqiri,No,10/10/1991,70,27,20,Stoke City
Russia 2018,Germany,1,Goalkeeper,Manuel Neuer ,Yes,3/27/1986,76,32,0,Bayern Munich
Russia 2018,Germany,2,Defender,Marvin Plattenhardt,No,1/26/1992,6,26,0,Hertha BSC
Russia 2018,Germany,3,Defender,Jonas Hector,No,5/27/1990,38,28,3,1. FC Köln
Russia 2018,Germany,4,Defender,Matthias Ginter,No,1/19/1994,18,24,0,Borussia Mönchengladbach
Russia 2018,Germany,5,Defender,Mats Hummels,No,12/16/1988,64,30,5,Bayern Munich
Russia 2018,Germany,6,Midfielder,Sami Khedira,No,4/4/1987,75,31,7,Juventus
Russia 2018,Germany,7,Midfielder,Julian Draxler,No,9/20/1993,44,25,6,Paris Saint-Germain
Russia 2018,Germany,8,Midfielder,Toni Kroos,No,1/4/1990,83,28,12,Real Madrid
Russia 2018,Germany,9,Forward,Timo Werner,No,3/6/1996,14,22,8,RB Leipzig
Russia 2018,Germany,10,Midfielder,Mesut Özil,No,10/15/1988,90,30,23,Arsenal
Russia 2018,Germany,11,Forward,Marco Reus,No,5/31/1989,31,29,9,Borussia Dortmund
Russia 2018,Germany,12,Goalkeeper,Kevin Trapp,No,7/8/1990,3,28,0,Paris Saint-Germain
Russia 2018,Germany,13,Midfielder,Thomas Müller,No,9/13/1989,91,29,38,Bayern Munich
Russia 2018,Germany,14,Midfielder,Leon Goretzka,No,2/6/1995,15,23,6,Schalke 04
Russia 2018,Germany,15,Defender,Niklas Süle,No,9/3/1995,11,23,0,Bayern Munich
Russia 2018,Germany,16,Defender,Antonio Rüdiger,No,3/3/1993,24,25,1,Chelsea
Russia 2018,Germany,17,Defender,Jérôme Boateng,No,9/3/1988,71,30,1,Bayern Munich
Russia 2018,Germany,18,Defender,Joshua Kimmich,No,2/8/1995,29,23,3,Bayern Munich
Russia 2018,Germany,19,Midfielder,Sebastian Rudy,No,2/28/1990,25,28,1,Bayern Munich
Russia 2018,Germany,20,Midfielder,Julian Brandt,No,5/2/1996,16,22,1,Bayer Leverkusen
Russia 2018,Germany,21,Midfielder,İlkay Gündoğan,No,10/24/1990,26,28,4,Manchester City
Russia 2018,Germany,22,Goalkeeper,Marc-André ter Stegen,No,4/30/1992,20,26,0,Barcelona
Russia 2018,Germany,23,Forward,Mario Gómez,No,7/10/1985,75,33,31,VfB Stuttgart
Russia 2018,Mexico,1,Goalkeeper,José de Jesús Corona,No,1/26/1981,52,37,0,Cruz Azul
Russia 2018,Mexico,2,Defender,Hugo Ayala,No,3/31/1987,43,31,1,UANL
Russia 2018,Mexico,3,Defender,Carlos Salcedo,No,9/29/1993,21,25,0,Eintracht Frankfurt
Russia 2018,Mexico,4,Defender,Rafael Márquez ,Yes,2/13/1979,145,39,18,Atlas
Russia 2018,Mexico,5,Midfielder,Érick Gutiérrez,No,6/15/1995,9,23,0,Pachuca
Russia 2018,Mexico,6,Midfielder,Jonathan dos Santos,No,4/26/1990,32,28,0,LA Galaxy
Russia 2018,Mexico,7,Midfielder,Miguel Layún,No,6/25/1988,64,30,6,Sevilla
Russia 2018,Mexico,8,Forward,Marco Fabián,No,7/21/1989,39,29,9,Eintracht Frankfurt
Russia 2018,Mexico,9,Forward,Raúl Jiménez,No,5/5/1991,63,27,13,Benfica
Russia 2018,Mexico,10,Midfielder,Giovani dos Santos,No,5/11/1989,105,29,19,LA Galaxy
Russia 2018,Mexico,11,Forward,Carlos Vela,No,3/1/1989,68,29,18,Los Angeles FC
Russia 2018,Mexico,12,Goalkeeper,Alfredo Talavera,No,9/18/1982,27,36,0,Toluca
Russia 2018,Mexico,13,Goalkeeper,Guillermo Ochoa,No,7/13/1985,94,33,0,Standard Liège
Russia 2018,Mexico,14,Forward,Javier Hernández,No,6/1/1988,102,30,49,West Ham United
Russia 2018,Mexico,15,Defender,Héctor Moreno,No,1/17/1988,92,30,3,Real Sociedad
Russia 2018,Mexico,16,Defender,Héctor Herrera,No,4/19/1990,66,28,5,Porto
Russia 2018,Mexico,17,Midfielder,Jesús Manuel Corona,No,1/6/1993,36,25,7,Porto
Russia 2018,Mexico,18,Midfielder,Andrés Guardado,No,9/28/1986,145,32,25,Real Betis
Russia 2018,Mexico,19,Forward,Oribe Peralta,No,1/12/1984,67,34,26,América
Russia 2018,Mexico,20,Midfielder,Javier Aquino,No,2/11/1990,53,28,0,UANL
Russia 2018,Mexico,21,Defender,Edson Álvarez,No,10/24/1997,13,21,1,América
Russia 2018,Mexico,22,Forward,Hirving Lozano,No,7/30/1995,28,23,7,PSV Eindhoven
Russia 2018,Mexico,23,Midfielder,Jesús Gallardo,No,8/15/1994,23,24,0,UNAM
Russia 2018,South Korea,1,Goalkeeper,Kim Seung-gyu,No,9/30/1990,33,28,0,Vissel Kobe
Russia 2018,South Korea,2,Defender,Lee Yong,No,12/24/1986,28,32,0,Jeonbuk Hyundai Motors
Russia 2018,South Korea,3,Defender,Jung Seung-hyun,No,4/3/1994,6,24,0,Sagan Tosu
Russia 2018,South Korea,4,Defender,Oh Ban-suk,No,5/20/1988,2,30,0,Jeju United
Russia 2018,South Korea,5,Defender,Yun Young-sun,No,10/4/1988,6,30,0,Seongnam FC
Russia 2018,South Korea,6,Defender,Park Joo-ho,No,1/16/1987,36,31,0,Ulsan Hyundai
Russia 2018,South Korea,7,Forward,Son Heung-min,No,7/8/1992,67,26,21,Tottenham Hotspur
Russia 2018,South Korea,8,Midfielder,Ju Se-jong,No,10/30/1990,11,28,1,Asan Mugunghwa
Russia 2018,South Korea,9,Forward,Kim Shin-wook,No,4/14/1988,50,30,10,Jeonbuk Hyundai Motors
Russia 2018,South Korea,10,Midfielder,Lee Seung-woo,No,1/6/1998,4,20,0,Hellas Verona
Russia 2018,South Korea,11,Forward,Hwang Hee-chan,No,1/26/1996,14,22,2,Red Bull Salzburg
Russia 2018,South Korea,12,Defender,Kim Min-woo,No,2/25/1990,20,28,1,Sangju Sangmu
Russia 2018,South Korea,13,Midfielder,Koo Ja-cheol,No,2/27/1989,68,29,19,FC Augsburg
Russia 2018,South Korea,14,Defender,Hong Chul,No,9/17/1990,14,28,0,Sangju Sangmu
Russia 2018,South Korea,15,Midfielder,Jung Woo-young,No,12/14/1989,30,29,1,Vissel Kobe
Russia 2018,South Korea,16,Midfielder,Ki Sung-yueng ,Yes,1/24/1989,102,29,10,Swansea City
Russia 2018,South Korea,17,Midfielder,Lee Jae-sung,No,8/10/1992,35,26,6,Jeonbuk Hyundai Motors
Russia 2018,South Korea,18,Midfielder,Moon Seon-min,No,6/9/1992,3,26,1,Incheon United
Russia 2018,South Korea,19,Defender,Kim Young-gwon,No,2/27/1990,53,28,2,Guangzhou Evergrande
Russia 2018,South Korea,20,Defender,Jang Hyun-soo,No,9/28/1991,51,27,3,FC Tokyo
Russia 2018,South Korea,21,Goalkeeper,Kim Jin-hyeon,No,7/6/1987,15,31,0,Cerezo Osaka
Russia 2018,South Korea,22,Defender,Go Yo-han,No,3/10/1988,20,30,0,FC Seoul
Russia 2018,South Korea,23,Goalkeeper,Jo Hyeon-woo,No,9/25/1991,6,27,0,Daegu FC
Russia 2018,Sweden,1,Goalkeeper,Robin Olsen,No,1/8/1990,18,28,0,Copenhagen
Russia 2018,Sweden,2,Defender,Mikael Lustig,No,12/13/1986,66,32,6,Celtic
Russia 2018,Sweden,3,Defender,Victor Lindelöf,No,7/17/1994,21,24,1,Manchester United
Russia 2018,Sweden,4,Defender,Andreas Granqvist ,Yes,4/16/1985,72,33,6,Krasnodar
Russia 2018,Sweden,5,Defender,Martin Olsson,No,5/17/1988,43,30,5,Swansea City
Russia 2018,Sweden,6,Defender,Ludwig Augustinsson,No,4/21/1994,15,24,0,Werder Bremen
Russia 2018,Sweden,7,Midfielder,Sebastian Larsson,No,6/6/1985,100,33,6,Hull City
Russia 2018,Sweden,8,Midfielder,Albin Ekdal,No,7/28/1989,34,29,0,Hamburger SV
Russia 2018,Sweden,9,Forward,Marcus Berg,No,8/17/1986,57,32,18,Al Ain
Russia 2018,Sweden,10,Midfielder,Emil Forsberg,No,10/23/1991,36,27,6,RB Leipzig
Russia 2018,Sweden,11,Forward,John Guidetti,No,4/15/1992,20,26,1,Alavés
Russia 2018,Sweden,12,Goalkeeper,Karl-Johan Johnsson,No,1/28/1990,5,28,0,Guingamp
Russia 2018,Sweden,13,Midfielder,Gustav Svensson,No,2/7/1987,13,31,0,Seattle Sounders FC
Russia 2018,Sweden,14,Defender,Filip Helander,No,4/22/1993,4,25,0,Bologna
Russia 2018,Sweden,15,Midfielder,Oscar Hiljemark,No,6/28/1992,22,26,2,Genoa
Russia 2018,Sweden,16,Defender,Emil Krafth,No,8/2/1994,13,24,0,Bologna
Russia 2018,Sweden,17,Midfielder,Viktor Claesson,No,1/2/1992,22,26,3,Krasnodar
Russia 2018,Sweden,18,Defender,Pontus Jansson,No,2/13/1991,15,27,0,Leeds United
Russia 2018,Sweden,19,Midfielder,Marcus Rohdén,No,5/11/1991,12,27,1,Crotone
Russia 2018,Sweden,20,Forward,Ola Toivonen,No,7/3/1986,59,32,13,Toulouse
Russia 2018,Sweden,21,Midfielder,Jimmy Durmaz,No,3/22/1989,45,29,3,Toulouse
Russia 2018,Sweden,22,Forward,Isaac Kiese Thelin,No,6/24/1992,20,26,2,Waasland-Beveren
Russia 2018,Sweden,23,Goalkeeper,Kristoffer Nordfeldt,No,6/23/1989,8,29,0,Swansea City
Russia 2018,Belgium,1,Goalkeeper,Thibaut Courtois,No,5/11/1992,58,26,0,Chelsea
Russia 2018,Belgium,2,Defender,Toby Alderweireld,No,3/2/1989,77,29,3,Tottenham Hotspur
Russia 2018,Belgium,3,Defender,Thomas Vermaelen,No,11/14/1985,66,33,1,Barcelona
Russia 2018,Belgium,4,Defender,Vincent Kompany,No,4/10/1986,77,32,4,Manchester City
Russia 2018,Belgium,5,Defender,Jan Vertonghen,No,4/24/1987,102,31,8,Tottenham Hotspur
Russia 2018,Belgium,6,Midfielder,Axel Witsel,No,1/12/1989,90,29,9,Tianjin Quanjian
Russia 2018,Belgium,7,Midfielder,Kevin De Bruyne,No,6/28/1991,62,27,14,Manchester City
Russia 2018,Belgium,8,Midfielder,Marouane Fellaini,No,11/22/1987,82,31,17,Manchester United
Russia 2018,Belgium,9,Forward,Romelu Lukaku,No,5/13/1993,69,25,36,Manchester United
Russia 2018,Belgium,10,Forward,Eden Hazard ,Yes,1/7/1991,86,27,22,Chelsea
Russia 2018,Belgium,11,Midfielder,Yannick Carrasco,No,9/4/1993,26,25,5,Dalian Yifang
Russia 2018,Belgium,12,Goalkeeper,Simon Mignolet,No,3/6/1988,21,30,0,Liverpool
Russia 2018,Belgium,13,Goalkeeper,Koen Casteels,No,6/25/1992,0,26,0,VfL Wolfsburg
Russia 2018,Belgium,14,Forward,Dries Mertens,No,5/6/1987,69,31,14,Napoli
Russia 2018,Belgium,15,Defender,Thomas Meunier,No,9/12/1991,25,27,5,Paris Saint-Germain
Russia 2018,Belgium,16,Midfielder,Thorgan Hazard,No,3/29/1993,11,25,1,Borussia Mönchengladbach
Russia 2018,Belgium,17,Midfielder,Youri Tielemans,No,5/7/1997,9,21,0,Monaco
Russia 2018,Belgium,18,Forward,Adnan Januzaj,No,2/5/1995,8,23,0,Real Sociedad
Russia 2018,Belgium,19,Midfielder,Mousa Dembélé,No,7/16/1987,76,31,5,Tottenham Hotspur
Russia 2018,Belgium,20,Defender,Dedryck Boyata,No,11/28/1990,7,28,0,Celtic
Russia 2018,Belgium,21,Forward,Michy Batshuayi,No,10/2/1993,16,25,7,Borussia Dortmund
Russia 2018,Belgium,22,Midfielder,Nacer Chadli,No,8/2/1989,45,29,5,West Bromwich Albion
Russia 2018,Belgium,23,Defender,Leander Dendoncker,No,4/15/1995,5,23,0,Anderlecht
Russia 2018,England,1,Goalkeeper,Jordan Pickford,No,3/7/1994,3,24,0,Everton
Russia 2018,England,2,Defender,Kyle Walker,No,5/28/1990,35,28,0,Manchester City
Russia 2018,England,3,Defender,Danny Rose,No,7/2/1990,18,28,0,Tottenham Hotspur
Russia 2018,England,4,Midfielder,Eric Dier,No,1/15/1994,26,24,3,Tottenham Hotspur
Russia 2018,England,5,Defender,John Stones,No,5/28/1994,26,24,0,Manchester City
Russia 2018,England,6,Defender,Harry Maguire,No,3/5/1993,5,25,0,Leicester City
Russia 2018,England,7,Midfielder,Jesse Lingard,No,12/15/1992,12,26,1,Manchester United
Russia 2018,England,8,Midfielder,Jordan Henderson,No,6/17/1990,39,28,0,Liverpool
Russia 2018,England,9,Forward,Harry Kane ,Yes,7/28/1993,24,25,13,Tottenham Hotspur
Russia 2018,England,10,Forward,Raheem Sterling,No,12/8/1994,38,24,2,Manchester City
Russia 2018,England,11,Forward,Jamie Vardy,No,1/11/1987,22,31,7,Leicester City
Russia 2018,England,12,Defender,Kieran Trippier,No,9/19/1990,7,28,0,Tottenham Hotspur
Russia 2018,England,13,Goalkeeper,Jack Butland,No,3/10/1993,8,25,0,Stoke City
Russia 2018,England,14,Forward,Danny Welbeck,No,11/26/1990,39,28,16,Arsenal
Russia 2018,England,15,Defender,Gary Cahill,No,12/19/1985,60,33,5,Chelsea
Russia 2018,England,16,Defender,Phil Jones,No,2/21/1992,25,26,0,Manchester United
Russia 2018,England,17,Defender,Fabian Delph,No,11/21/1989,11,29,0,Manchester City
Russia 2018,England,18,Defender,Ashley Young,No,7/9/1985,34,33,7,Manchester United
Russia 2018,England,19,Forward,Marcus Rashford,No,10/31/1997,19,21,3,Manchester United
Russia 2018,England,20,Midfielder,Dele Alli,No,4/11/1996,25,22,2,Tottenham Hotspur
Russia 2018,England,21,Midfielder,Ruben Loftus-Cheek,No,1/23/1996,4,22,0,Crystal Palace
Russia 2018,England,22,Defender,Trent Alexander-Arnold,No,10/7/1998,1,20,0,Liverpool
Russia 2018,England,23,Goalkeeper,Nick Pope,No,4/19/1992,1,26,0,Burnley
Russia 2018,Panama,1,Goalkeeper,Jaime Penedo,No,9/26/1981,131,37,0,Dinamo București
Russia 2018,Panama,2,Defender,Michael Amir Murillo,No,2/11/1996,22,22,2,New York Red Bulls
Russia 2018,Panama,3,Defender,Harold Cummings,No,3/1/1992,52,26,0,San Jose Earthquakes
Russia 2018,Panama,4,Defender,Fidel Escobar,No,1/9/1995,23,23,1,New York Red Bulls
Russia 2018,Panama,5,Defender,Román Torres,No,3/20/1986,111,32,10,Seattle Sounders FC
Russia 2018,Panama,6,Midfielder,Gabriel Gómez,No,5/29/1984,144,34,12,Atlético Bucaramanga
Russia 2018,Panama,7,Forward,Blas Pérez,No,3/13/1981,118,37,43,Municipal
Russia 2018,Panama,8,Midfielder,Édgar Bárcenas,No,10/23/1993,29,25,0,Tapachula
Russia 2018,Panama,9,Forward,Gabriel Torres,No,10/31/1988,72,30,14,Huachipato
Russia 2018,Panama,10,Forward,Ismael Díaz,No,5/12/1997,11,21,2,Deportivo Fabril
Russia 2018,Panama,11,Midfielder,Armando Cooper,No,11/26/1987,98,31,7,Universidad de Chile
Russia 2018,Panama,12,Goalkeeper,José Calderón,No,8/14/1985,31,33,0,Chorrillo
Russia 2018,Panama,13,Defender,Adolfo Machado,No,2/14/1985,76,33,1,Houston Dynamo
Russia 2018,Panama,14,Midfielder,Valentín Pimentel,No,5/30/1991,23,27,1,Plaza Amador
Russia 2018,Panama,15,Defender,Erick Davis,No,3/31/1991,38,27,0,Dunajská Streda
Russia 2018,Panama,16,Forward,Abdiel Arroyo,No,12/13/1993,33,25,5,Alajuelense
Russia 2018,Panama,17,Defender,Luis Ovalle,No,9/7/1988,25,30,0,CD Olimpia
Russia 2018,Panama,18,Forward,Luis Tejada,No,3/28/1982,105,36,43,Sport Boys
Russia 2018,Panama,19,Midfielder,Ricardo Ávila,No,2/4/1997,5,21,0,Gent
Russia 2018,Panama,20,Midfielder,Aníbal Godoy,No,2/10/1990,88,28,1,San Jose Earthquakes
Russia 2018,Panama,21,Midfielder,José Luis Rodríguez,No,6/19/1998,2,20,0,Gent
Russia 2018,Panama,22,Goalkeeper,Álex Rodríguez,No,8/5/1990,6,28,0,San Francisco
Russia 2018,Panama,23,Defender,Felipe Baloy ,Yes,2/24/1981,102,37,3,Municipal
Russia 2018,Tunisia,1,Goalkeeper,Farouk Ben Mustapha,No,7/1/1989,15,29,0,Al Shabab
Russia 2018,Tunisia,2,Defender,Syam Ben Youssef,No,3/31/1989,42,29,1,Kasımpaşa
Russia 2018,Tunisia,3,Defender,Yohan Benalouane,No,3/28/1987,4,31,0,Leicester City
Russia 2018,Tunisia,4,Defender,Yassine Meriah,No,7/2/1993,16,25,1,CS Sfaxien
Russia 2018,Tunisia,5,Defender,Oussama Haddadi,No,1/28/1992,9,26,0,Dijon
Russia 2018,Tunisia,6,Defender,Rami Bedoui,No,1/19/1990,8,28,0,Étoile du Sahel
Russia 2018,Tunisia,7,Forward,Saîf-Eddine Khaoui,No,4/27/1995,5,23,0,Troyes
Russia 2018,Tunisia,8,Forward,Fakhreddine Ben Youssef,No,6/23/1991,39,27,5,Al-Ettifaq
Russia 2018,Tunisia,9,Midfielder,Anice Badri,No,9/18/1990,7,28,2,Espérance de Tunis
Russia 2018,Tunisia,10,Forward,Wahbi Khazri,No,2/8/1991,35,27,12,Rennes
Russia 2018,Tunisia,11,Defender,Dylan Bronn,No,6/19/1995,5,23,0,Gent
Russia 2018,Tunisia,12,Defender,Ali Maâloul,No,1/1/1990,46,28,0,Al Ahly
Russia 2018,Tunisia,13,Midfielder,Ferjani Sassi,No,3/18/1992,39,26,3,Al Nassr
Russia 2018,Tunisia,14,Midfielder,Mohamed Amine Ben Amor,No,5/3/1992,26,26,1,Al Ahli
Russia 2018,Tunisia,15,Forward,Ahmed Khalil,No,12/21/1994,3,24,0,Club Africain
Russia 2018,Tunisia,16,Goalkeeper,Aymen Mathlouthi ,Yes,9/14/1984,70,34,0,Al Batin
Russia 2018,Tunisia,17,Midfielder,Ellyes Skhiri,No,5/10/1995,5,23,0,Montpellier
Russia 2018,Tunisia,18,Forward,Bassem Srarfi,No,6/25/1997,5,21,0,Nice
Russia 2018,Tunisia,19,Forward,Saber Khalifa,No,10/14/1986,44,32,7,Club Africain
Russia 2018,Tunisia,20,Forward,Ghailene Chaalali,No,2/28/1994,6,24,1,Espérance de Tunis
Russia 2018,Tunisia,21,Defender,Hamdi Nagguez,No,10/28/1992,15,26,0,Zamalek
Russia 2018,Tunisia,22,Goalkeeper,Mouez Hassen,No,3/5/1995,3,23,0,Châteauroux
Russia 2018,Tunisia,23,Forward,Naïm Sliti,No,7/27/1992,17,26,3,Dijon
Russia 2018,Colombia,1,Goalkeeper,David Ospina,No,8/31/1988,86,30,0,Arsenal
Russia 2018,Colombia,2,Defender,Cristián Zapata,No,9/30/1986,55,32,2,Milan
Russia 2018,Colombia,3,Defender,Óscar Murillo,No,4/18/1988,13,30,0,Pachuca
Russia 2018,Colombia,4,Defender,Santiago Arias,No,1/13/1992,41,26,0,PSV Eindhoven
Russia 2018,Colombia,5,Midfielder,Wilmar Barrios,No,10/16/1993,10,25,0,Boca Juniors
Russia 2018,Colombia,6,Midfielder,Carlos Sánchez,No,2/6/1986,85,32,0,Espanyol
Russia 2018,Colombia,7,Forward,Carlos Bacca,No,9/8/1986,45,32,14,Villarreal
Russia 2018,Colombia,8,Midfielder,Abel Aguilar,No,1/6/1985,70,33,7,Deportivo Cali
Russia 2018,Colombia,9,Forward,Radamel Falcao ,Yes,2/10/1986,73,32,29,Monaco
Russia 2018,Colombia,10,Midfielder,James Rodríguez,No,7/12/1991,63,27,21,Bayern Munich
Russia 2018,Colombia,11,Midfielder,Juan Cuadrado,No,5/26/1988,70,30,7,Juventus
Russia 2018,Colombia,12,Goalkeeper,Camilo Vargas,No,3/9/1989,5,29,0,Deportivo Cali
Russia 2018,Colombia,13,Defender,Yerry Mina,No,9/23/1994,12,24,3,Barcelona
Russia 2018,Colombia,14,Forward,Luis Muriel,No,4/16/1991,18,27,2,Sevilla
Russia 2018,Colombia,15,Midfielder,Mateus Uribe,No,3/21/1991,8,27,0,América
Russia 2018,Colombia,16,Midfielder,Jefferson Lerma,No,10/25/1994,5,24,0,Levante
Russia 2018,Colombia,17,Defender,Johan Mojica,No,8/21/1992,4,26,1,Girona
Russia 2018,Colombia,18,Defender,Farid Díaz,No,7/20/1983,13,35,0,Olimpia
Russia 2018,Colombia,19,Forward,Miguel Borja,No,1/26/1993,7,25,2,Palmeiras
Russia 2018,Colombia,20,Midfielder,Juan Fernando Quintero,No,1/18/1993,15,25,2,River Plate
Russia 2018,Colombia,21,Forward,José Izquierdo,No,7/7/1992,5,26,1,Brighton & Hove Albion
Russia 2018,Colombia,22,Goalkeeper,José Fernando Cuadrado,No,6/1/1985,1,33,0,Once Caldas
Russia 2018,Colombia,23,Defender,Davinson Sánchez,No,6/12/1996,9,22,0,Tottenham Hotspur
Russia 2018,Japan,1,Goalkeeper,Eiji Kawashima,No,3/20/1983,84,35,0,Metz
Russia 2018,Japan,2,Defender,Naomichi Ueda,No,10/24/1994,4,24,0,Kashima Antlers
Russia 2018,Japan,3,Defender,Gen Shoji,No,12/11/1992,11,26,1,Kashima Antlers
Russia 2018,Japan,4,Midfielder,Keisuke Honda,No,6/13/1986,95,32,36,Pachuca
Russia 2018,Japan,5,Defender,Yuto Nagatomo,No,9/12/1986,105,32,3,Galatasaray
Russia 2018,Japan,6,Defender,Wataru Endo,No,2/9/1993,12,25,0,Urawa Red Diamonds
Russia 2018,Japan,7,Midfielder,Gaku Shibasaki,No,5/28/1992,18,26,3,Getafe
Russia 2018,Japan,8,Midfielder,Genki Haraguchi,No,5/9/1991,33,27,6,Fortuna Düsseldorf
Russia 2018,Japan,9,Forward,Shinji Okazaki,No,4/16/1986,113,32,50,Leicester City
Russia 2018,Japan,10,Midfielder,Shinji Kagawa,No,3/17/1989,92,29,30,Borussia Dortmund
Russia 2018,Japan,11,Midfielder,Takashi Usami,No,5/6/1992,24,26,3,Fortuna Düsseldorf
Russia 2018,Japan,12,Goalkeeper,Masaaki Higashiguchi,No,5/12/1986,5,32,0,Gamba Osaka
Russia 2018,Japan,13,Forward,Yoshinori Muto,No,7/15/1992,24,26,2,Mainz 05
Russia 2018,Japan,14,Midfielder,Takashi Inui,No,6/2/1988,27,30,4,Eibar
Russia 2018,Japan,15,Forward,Yuya Osako,No,5/18/1990,29,28,7,1. FC Köln
Russia 2018,Japan,16,Midfielder,Hotaru Yamaguchi,No,10/6/1990,42,28,2,Cerezo Osaka
Russia 2018,Japan,17,Midfielder,Makoto Hasebe ,Yes,1/18/1984,110,34,2,Eintracht Frankfurt
Russia 2018,Japan,18,Midfielder,Ryota Oshima,No,1/23/1993,5,25,0,Kawasaki Frontale
Russia 2018,Japan,19,Defender,Hiroki Sakai,No,4/12/1990,43,28,0,Marseille
Russia 2018,Japan,20,Defender,Tomoaki Makino,No,5/11/1987,32,31,4,Urawa Red Diamonds
Russia 2018,Japan,21,Defender,Gōtoku Sakai,No,3/14/1991,41,27,0,Hamburger SV
Russia 2018,Japan,22,Defender,Maya Yoshida,No,8/24/1988,82,30,10,Southampton
Russia 2018,Japan,23,Goalkeeper,Kosuke Nakamura,No,2/27/1995,4,23,0,Kashiwa Reysol
Russia 2018,Poland,1,Goalkeeper,Wojciech Szczęsny,No,4/18/1990,35,28,0,Juventus
Russia 2018,Poland,2,Defender,Michał Pazdan,No,9/21/1987,33,31,0,Legia Warsaw
Russia 2018,Poland,3,Defender,Artur Jędrzejczyk,No,11/4/1987,36,31,3,Legia Warsaw
Russia 2018,Poland,4,Defender,Thiago Cionek,No,4/21/1986,19,32,0,SPAL
Russia 2018,Poland,5,Defender,Jan Bednarek,No,4/12/1996,3,22,0,Southampton
Russia 2018,Poland,6,Midfielder,Jacek Góralski,No,9/21/1992,5,26,0,Ludogorets Razgrad
Russia 2018,Poland,7,Forward,Arkadiusz Milik,No,2/28/1994,40,24,12,Napoli
Russia 2018,Poland,8,Midfielder,Karol Linetty,No,2/2/1995,20,23,1,Sampdoria
Russia 2018,Poland,9,Forward,Robert Lewandowski ,Yes,8/21/1988,95,30,55,Bayern Munich
Russia 2018,Poland,10,Midfielder,Grzegorz Krychowiak,No,1/29/1990,51,28,2,West Bromwich Albion
Russia 2018,Poland,11,Midfielder,Kamil Grosicki,No,6/8/1988,57,30,12,Hull City
Russia 2018,Poland,12,Goalkeeper,Bartosz Białkowski,No,7/6/1987,1,31,0,Ipswich Town
Russia 2018,Poland,13,Midfielder,Maciej Rybus,No,8/19/1989,51,29,2,Lokomotiv Moscow
Russia 2018,Poland,14,Forward,Łukasz Teodorczyk,No,6/3/1991,17,27,4,Anderlecht
Russia 2018,Poland,15,Defender,Kamil Glik,No,2/3/1988,57,30,4,Monaco
Russia 2018,Poland,16,Midfielder,Jakub Błaszczykowski,No,12/14/1985,99,33,20,VfL Wolfsburg
Russia 2018,Poland,17,Midfielder,Sławomir Peszko,No,2/19/1985,43,33,2,Lechia Gdańsk
Russia 2018,Poland,18,Defender,Bartosz Bereszyński,No,7/12/1992,8,26,0,Sampdoria
Russia 2018,Poland,19,Midfielder,Piotr Zieliński,No,5/20/1994,33,24,5,Napoli
Russia 2018,Poland,20,Defender,Łukasz Piszczek,No,6/3/1985,63,33,3,Borussia Dortmund
Russia 2018,Poland,21,Midfielder,Rafał Kurzawa,No,1/29/1993,3,25,0,Górnik Zabrze
Russia 2018,Poland,22,Goalkeeper,Łukasz Fabiański,No,4/18/1985,45,33,0,Swansea City
Russia 2018,Poland,23,Forward,Dawid Kownacki,No,3/14/1997,2,21,1,Sampdoria
Russia 2018,Senegal,1,Goalkeeper,Abdoulaye Diallo,No,3/30/1992,17,26,0,Rennes
Russia 2018,Senegal,2,Defender,Adama Mbengue,No,12/1/1993,6,25,0,Caen
Russia 2018,Senegal,3,Defender,Kalidou Koulibaly,No,6/20/1991,26,27,0,Napoli
Russia 2018,Senegal,4,Defender,Kara Mbodji,No,11/22/1989,52,29,5,Anderlecht
Russia 2018,Senegal,5,Midfielder,Idrissa Gueye,No,9/26/1989,61,29,1,Everton
Russia 2018,Senegal,6,Midfielder,Salif Sané,No,8/25/1990,22,28,0,Hannover 96
Russia 2018,Senegal,7,Forward,Moussa Sow,No,1/19/1986,51,32,18,Bursaspor
Russia 2018,Senegal,8,Midfielder,Cheikhou Kouyaté ,Yes,12/21/1989,48,29,2,West Ham United
Russia 2018,Senegal,9,Forward,Mame Biram Diouf,No,12/16/1987,49,31,10,Stoke City
Russia 2018,Senegal,10,Forward,Sadio Mané,No,4/10/1992,53,26,14,Liverpool
Russia 2018,Senegal,11,Midfielder,Cheikh N'Doye,No,3/29/1986,26,32,3,Birmingham City
Russia 2018,Senegal,12,Defender,Youssouf Sabaly,No,3/5/1993,5,25,0,Bordeaux
Russia 2018,Senegal,13,Midfielder,Alfred N'Diaye,No,3/6/1990,21,28,0,Wolverhampton Wanderers
Russia 2018,Senegal,14,Forward,Moussa Konaté,No,4/3/1993,28,25,10,Amiens
Russia 2018,Senegal,15,Forward,Diafra Sakho,No,12/24/1989,12,29,3,Rennes
Russia 2018,Senegal,16,Goalkeeper,Khadim N'Diaye,No,4/5/1985,26,33,0,Horoya
Russia 2018,Senegal,17,Midfielder,Badou Ndiaye,No,10/27/1990,20,28,1,Stoke City
Russia 2018,Senegal,18,Forward,Ismaïla Sarr,No,2/25/1998,16,20,3,Rennes
Russia 2018,Senegal,19,Forward,M'Baye Niang,No,12/19/1994,7,24,0,Torino
Russia 2018,Senegal,20,Forward,Keita Baldé,No,3/8/1995,19,23,3,Monaco
Russia 2018,Senegal,21,Defender,Lamine Gassama,No,10/20/1989,36,29,0,Alanyaspor
Russia 2018,Senegal,22,Defender,Moussa Wagué,No,10/4/1998,10,20,0,Eupen
Russia 2018,Senegal,23,Goalkeeper,Alfred Gomis,No,9/5/1993,1,25,0,SPAL
